
-- phpMyAdmin SQL Dump
-- version 3.5.2.2
-- http://www.phpmyadmin.net
--
-- Host: localhost
-- Generation Time: Jun 11, 2013 at 01:29 AM
-- Server version: 5.1.67
-- PHP Version: 5.2.17

SET SQL_MODE="NO_AUTO_VALUE_ON_ZERO";
SET time_zone = "+00:00";


/*!40101 SET @OLD_CHARACTER_SET_CLIENT=@@CHARACTER_SET_CLIENT */;
/*!40101 SET @OLD_CHARACTER_SET_RESULTS=@@CHARACTER_SET_RESULTS */;
/*!40101 SET @OLD_COLLATION_CONNECTION=@@COLLATION_CONNECTION */;
/*!40101 SET NAMES utf8 */;

--
-- Database: `u298054059_tu`
--

-- --------------------------------------------------------

--
-- Table structure for table `defaults`
--

CREATE TABLE IF NOT EXISTS `defaults` (
  `id` int(11) NOT NULL AUTO_INCREMENT,
  `user_id` int(11) NOT NULL,
  `content` varchar(2555) NOT NULL,
  `time` datetime NOT NULL,
  PRIMARY KEY (`id`)
) ENGINE=MyISAM DEFAULT CHARSET=utf8 AUTO_INCREMENT=1 ;

-- --------------------------------------------------------

--
-- Table structure for table `forms`
--

CREATE TABLE IF NOT EXISTS `forms` (
  `id` int(11) NOT NULL AUTO_INCREMENT,
  `user_id` int(11) NOT NULL,
  `content` varchar(2555) NOT NULL,
  PRIMARY KEY (`id`),
  KEY `user_id` (`user_id`)
) ENGINE=MyISAM  DEFAULT CHARSET=utf8 AUTO_INCREMENT=7 ;

--
-- Dumping data for table `forms`
--

INSERT INTO `forms` (`id`, `user_id`, `content`) VALUES
(2, 1, 'お疲れ様です。<br>トゥーです。<br>{date}の日報をお送りいたします。<br><br>・勤務時間 {time1}&nbsp; ~ {time2}<br>１．【参加プロジェクトwikiと進捗】  <br>プロジェクト：Gotcha Warrior：<br><br>２．【プロジェクト目標　および　個人DRI】  <br>プロジェクト:Gotcha Warrior<br><br>３．【今日の作業内容　および　DRIチェック】<br>■MUST DO<br>{1}<br><br>■OTHER TASK  <br>{2}<br><br>４． 【明日以降のタスク】<br>■MUST DO<br>{3} <br><br>■OTHER TASK[ASM] <br><br>【OTHER】<br><br>５． 【所感やネタ、情報共有など】　　<br>{4}<br>&nbsp;以上です<br><br>'),
(3, 2, 'お疲れ様です、ロンです。<br><br>{date}の日報を送信します。<br><br>勤務時間 {time1} -{time2}<br><br>1. 【参加プロジェクトGWと進捗】<br>{1}<br>2. 【今日の作業内容】<br>{2}<br>■MUST DO<br>{3}<br><br>■OTHER<br><br><br>'),
(4, 3, '<img alt="">お疲れ様です。クアンです。<br>{date}の日報をお送りいたします。<br>・勤務時間 &nbsp;{time1} ~ {time2}<br>１．【参加プロジェクトwikiと進捗】<br>&nbsp; &nbsp; &nbsp; &nbsp;&nbsp;プロジェクト：SeaGateWiki：<br>２．【プロジェクト目標　および　個人DRI】<br>&nbsp; &nbsp; &nbsp; &nbsp;&nbsp;プロジェクト:Seagate<br>&nbsp; &nbsp; &nbsp; &nbsp;&nbsp;目標：<br>&nbsp; &nbsp; &nbsp; &nbsp;&nbsp;DRI：システムエンジニア<br>３．【今日の作業内容　および　DRIチェック】<br>■MUST DO<br>{1}<br>■OTHER TASK なし<br>４． 【明日以降のタスク】<br>■MUST DO<br>{2}<br><br>■OTHER TASK<br>【OTHER】<br>５． 【所感やネタ、情報共有など】　　以上です<br>'),
(5, 4, '<span>お疲れ様です。<br>&nbsp;グエン・フィ・タンです。<br>&nbsp;{date}の日報をお送りいたします。\r\n<br><br>通勤時間：{time1} ~ {time2}<br>&nbsp;<br></span>1. 参加プロジェクトwikiと進捗】\r\n<br>・爆釣！フィッシングマスター（仮）\r\n<br><a target="_blank" rel="nofollow" href="http://182.48.56.111/wiki/index.php/%E7%88%86%E9%87%A3%EF%BC%81%EF%BC%81%E3%83%95%E3%82%A3%E3%83%83%E3%82%B7%E3%83%B3%E3%82%B0%E3%83%9E%E3%82%B9%E3%82%BF%E3%83%BC">http://182.48.56.111/wiki/index.php/%E7%88%86%E9%87%A3%EF%BC%81%EF%BC%81%E3%83%95%E3%82%A3%E3%83%83%E3%82%B7%E3%83%B3%E3%82%B0%E3%83%9E%E3%82%B9%E3%82%BF%E3%83%BC</a>\r\n<br>\r\n<br>2. 【プロジェクト目標　および　個人DRI】\r\n<br>▼プロジェクト目標\r\n<br>・爆釣！フィッシングマスター（仮）\r\n<br>&nbsp;2月初 ~ 中旬リリース&nbsp;<br><span>３．【今日の作業内容　および　DRIチェック】<br></span><span>■MUST DO\r\n【ASM】<br>&nbsp;{1}<br></span>■OTHER TASK\r\n朝会&nbsp;<span><br>４.【明日以降のタスク】\r\n<br>■MUST DO\r\n【ASM】\r\n<br>{2}<br>■OTHER TASK\r\n【OTHER】\r\n<br>５.【所感やネタ、情報共有など】\r\n<br>{3}<br>&nbsp;<br>&nbsp;以上です</span>'),
(6, 5, 's');

-- --------------------------------------------------------

--
-- Table structure for table `kemail_queue`
--

CREATE TABLE IF NOT EXISTS `kemail_queue` (
  `id` int(15) NOT NULL AUTO_INCREMENT,
  `priority` int(1) NOT NULL DEFAULT '5',
  `time` timestamp NOT NULL DEFAULT CURRENT_TIMESTAMP ON UPDATE CURRENT_TIMESTAMP,
  `from` varchar(500) NOT NULL,
  `to` varchar(500) NOT NULL,
  `subject` varchar(500) NOT NULL,
  `body` longtext NOT NULL,
  `additional_headers` longtext,
  PRIMARY KEY (`id`),
  KEY `priority` (`priority`),
  KEY `time` (`time`)
) ENGINE=MyISAM DEFAULT CHARSET=utf8 AUTO_INCREMENT=1 ;

-- --------------------------------------------------------

--
-- Table structure for table `mails`
--

CREATE TABLE IF NOT EXISTS `mails` (
  `id` int(11) NOT NULL AUTO_INCREMENT,
  `user_id` int(11) NOT NULL,
  `content` varchar(2555) NOT NULL,
  `send_time` datetime DEFAULT NULL,
  `save_time` varchar(45) DEFAULT NULL,
  `status` int(11) NOT NULL DEFAULT '0',
  PRIMARY KEY (`id`)
) ENGINE=MyISAM  DEFAULT CHARSET=utf8 AUTO_INCREMENT=147 ;

--
-- Dumping data for table `mails`
--

INSERT INTO `mails` (`id`, `user_id`, `content`, `send_time`, `save_time`, `status`) VALUES
(5, 1, '{"later-time":"","time1":"10:30","time2":"20:45","1":"\\uff0a\\u3000\\u753b\\u9762\\u306e\\u9077\\u79fb\\u3057\\u65b9\\u3092\\u4fee\\u6b63\\u3057\\u307e\\u3059\\u3002\\r\\n<br>\\r\\n\\uff0a\\u3000Authentication\\u3092\\u5236\\u5fa1\\u3057\\u307e\\u3059\\u3002","2":"","3":"\\u7ba1\\u7406\\u8005\\u306e\\u753b\\u9762\\u3092\\u4f5c\\u308a\\u307e\\u3059\\u3002"}', '2013-02-15 20:58:18', '2013-02-15 20:58:11', 1),
(6, 3, '{"time1":"10:15","time2":"20:30","1":" &nbsp&nbsp d3js\\u3068\\u3044\\u3046library\\u3092\\u4f7f\\u3063\\u3066\\u3001\\u30a2\\u30d7\\u30ea\\u30e9\\u30f3\\u30ad\\u30f3\\u30b0\\u3068\\u30ad\\u30fc\\u30ef\\u30fc\\u30c9\\u30e9\\u30f3\\u30ad\\u30f3\\u30b0\\u306e\\u56f3\\u8868\\u3068\\u3092\\u63cf\\u304f\\u306e\\u3092\\u5909\\u66f4\\u3057\\u307e\\u3059\\u3002","2":"  &nbsp&nbspgoogleapi\\u3092\\u4f7f\\u3063\\u3066\\u3001\\u30a2\\u30d7\\u30ea\\u30e9\\u30f3\\u30ad\\u30f3\\u30b0\\u3068\\u30ad\\u30fc\\u30ef\\u30fc\\u30c9\\u30e9\\u30f3\\u30ad\\u30f3\\u30b0\\u306e\\u56f3\\u8868\\u3068\\u3092\\u63cf\\u304f\\u306e\\u3092\\u5909\\u66f4\\u3057\\u307e\\u3059\\u3002"}', '2013-02-15 19:15:50', '2013-02-15 19:15:47', 1),
(7, 3, '{"time1":"10:15","time2":"20:30","1":" &nbsp&nbsp d3js\\u3068\\u3044\\u3046library\\u3092\\u4f7f\\u3063\\u3066\\u3001\\u30a2\\u30d7\\u30ea\\u30e9\\u30f3\\u30ad\\u30f3\\u30b0\\u3068\\u30ad\\u30fc\\u30ef\\u30fc\\u30c9\\u30e9\\u30f3\\u30ad\\u30f3\\u30b0\\u306e\\u56f3\\u8868\\u3068\\u3092\\u63cf\\u304f\\u306e\\u3092\\u5909\\u66f4\\u3057\\u307e\\u3059\\u3002","2":"  &nbsp&nbspgoogleapi\\u3092\\u4f7f\\u3063\\u3066\\u3001\\u30a2\\u30d7\\u30ea\\u30e9\\u30f3\\u30ad\\u30f3\\u30b0\\u3068\\u30ad\\u30fc\\u30ef\\u30fc\\u30c9\\u30e9\\u30f3\\u30ad\\u30f3\\u30b0\\u306e\\u56f3\\u8868\\u3068\\u3092\\u63cf\\u304f\\u306e\\u3092\\u5909\\u66f4\\u3057\\u307e\\u3059\\u3002"}', NULL, '2013-02-15 20:54:03', 0),
(8, 1, '{"later-time":"","time1":"10:30","time2":"20:45","1":"\\uff0a\\u3000\\u753b\\u9762\\u306e\\u9077\\u79fb\\u3057\\u65b9\\u3092\\u4fee\\u6b63\\u3057\\u307e\\u3059\\u3002\\r\\n<br>\\r\\n\\uff0a\\u3000Authentication\\u3092\\u5236\\u5fa1\\u3057\\u307e\\u3059\\u3002","2":"","3":"\\u7ba1\\u7406\\u8005\\u306e\\u753b\\u9762\\u3092\\u4f5c\\u308a\\u307e\\u3059\\u3002"}', '2013-02-15 21:01:04', '2013-02-15 21:01:00', 1),
(9, 1, '{"later-time":"","time1":"10:30","time2":"20:45","1":"\\uff0a\\u3000\\u753b\\u9762\\u306e\\u9077\\u79fb\\u3057\\u65b9\\u3092\\u4fee\\u6b63\\u3057\\u307e\\u3059\\u3002\\r\\n<br>\\r\\n\\uff0a\\u3000Authentication\\u3092\\u5236\\u5fa1\\u3057\\u307e\\u3059\\u3002","2":"","3":"\\u7ba1\\u7406\\u8005\\u306e\\u753b\\u9762\\u3092\\u4f5c\\u308a\\u307e\\u3059\\u3002"}', '2013-02-15 21:02:23', '2013-02-15 21:02:10', 1),
(10, 1, '{"later-time":"","time1":"10:00","time2":"22:00","1":"* \\u30c6\\u30b9\\u30c8\\u306e\\u305f\\u3081\\u306bUserSampleData\\u3092\\u4f5c\\u308a\\u307e\\u3057\\u305f=>100%\\r\\n<br>\\r\\n* Ajax\\u3068\\u3044\\u3046\\u6280\\u8853\\u3092\\u4f7f\\u3063\\u3066\\u30e6\\u30fc\\u30b6\\u306e\\u6a5f\\u80fd\\u3092\\u4f5c\\u308a\\u307e\\u3059\\u3057\\u305f\\u3002=>100%\\r\\n<br>\\r\\n- \\u691c\\u7d22\\r\\n<br>\\r\\n- \\u30da\\u30fc\\u30b8\\u30a7\\u30f3\\u30c8\\r\\n<br>\\r\\n*\\u30ea\\u30af\\u30a8\\u30b9\\u30c8\\u306e\\u4e00\\u89a7\\u3092\\u8868\\u793a\\u3059\\u308b\\u6a5f\\u80fd=>100%\\r\\n<br>\\r\\n-\\u30c7\\u30fc\\u30bf\\u30d9\\u30fc\\u30b9\\u304b\\u3089\\u903c\\u8feb\\u3059\\u308b\\u6a5f\\u80fd\\r\\n<br>\\r\\n- \\u691c\\u7d22\\r\\n<br>\\r\\n- \\u30da\\u30fc\\u30b8\\u30a7\\u30f3\\u30c8\\r\\n<br>\\r\\n*\\u30ea\\u30af\\u30a8\\u30b9\\u30c8\\u3092\\u8ffd\\u52a0\\u3059\\u308b\\u6a5f\\u80fd=>75%","2":"","3":"*\\u30ea\\u30af\\u30a8\\u30b9\\u30c8\\u3092\\u8ffd\\u52a0\\u3059\\u308b\\u6a5f\\u80fd\\r\\n<br>\\r\\n*\\u30ea\\u30af\\u30a8\\u30b9\\u30c8\\u3092\\u4fee\\u6b63\\u3059\\u308b\\u6a5f\\u80fd","4":""}', NULL, '2013-02-20 23:12:43', 0),
(11, 1, '{"later-time":"","time1":"10:00","time2":"21:30","1":"* \\u30c6\\u30b9\\u30c8\\u306e\\u305f\\u3081\\u306bUserSampleData\\u3092\\u4f5c\\u308a\\u307e\\u3057\\u305f=>100%\\r\\n<br>\\r\\n* Ajax\\u3068\\u3044\\u3046\\u6280\\u8853\\u3092\\u4f7f\\u3063\\u3066\\u30e6\\u30fc\\u30b6\\u306e\\u6a5f\\u80fd\\u3092\\u4f5c\\u308a\\u307e\\u3059\\u3057\\u305f\\u3002=>100%\\r\\n<br>\\r\\n- \\u691c\\u7d22\\r\\n<br>\\r\\n- \\u30da\\u30fc\\u30b8\\u30a7\\u30f3\\u30c8\\r\\n<br>\\r\\n*\\u30ea\\u30af\\u30a8\\u30b9\\u30c8\\u306e\\u4e00\\u89a7\\u3092\\u8868\\u793a\\u3059\\u308b\\u6a5f\\u80fd=>100%\\r\\n<br>\\r\\n-\\u30c7\\u30fc\\u30bf\\u30d9\\u30fc\\u30b9\\u304b\\u3089\\u903c\\u8feb\\u3059\\u308b\\u6a5f\\u80fd\\r\\n<br>\\r\\n- \\u691c\\u7d22\\r\\n<br>\\r\\n- \\u30da\\u30fc\\u30b8\\u30a7\\u30f3\\u30c8\\r\\n<br>\\r\\n*\\u30ea\\u30af\\u30a8\\u30b9\\u30c8\\u3092\\u8ffd\\u52a0\\u3059\\u308b\\u6a5f\\u80fd=>75%","2":"","3":"*\\u30ea\\u30af\\u30a8\\u30b9\\u30c8\\u3092\\u8ffd\\u52a0\\u3059\\u308b\\u6a5f\\u80fd\\r\\n<br>\\r\\n*\\u30ea\\u30af\\u30a8\\u30b9\\u30c8\\u3092\\u4fee\\u6b63\\u3059\\u308b\\u6a5f\\u80fd","4":""}', '2013-02-21 00:07:31', '2013-02-21 00:07:25', 1),
(12, 2, '{"later-time":"","time1":"10:30","time2":"21:30","1":"\\u6b8b\\u308b\\u6642\\u9593\\u30e9\\u30f3\\u30ad\\u30f3\\u30b0\\u3092\\u8a08\\u7b97\\u3059\\u308b\\u6a5f\\u80fd\\u306f\\uff19\\uff10\\uff05\\u3067\\u3059\\u3002<br>\\r\\n","2":"\\u30e6\\u30fc\\u30b6\\u306f\\u4e09\\u3064\\u306e\\u30cf\\u30fc\\u30c8\\u3092\\u5931\\u304f\\u3059\\u3068\\u3001\\u4e00\\u3064\\u306e\\u30b8\\u30a7\\u30e0\\u3092\\u53d6\\u5f97\\u3067\\u304d\\u308b\\u306e\\u306f\\u4fee\\u6b63\\u3057\\u307e\\u3057\\u305f\\u3002\\u51fa\\u6765\\u307e\\u3057\\u305f\\u3002<br>\\r\\nsushipanic\\u306e\\u30b5\\u30fc\\u30d0\\u3092\\u7814\\u7a76\\u3057\\u307e\\u3057\\u305f\\u3002\\u30d5\\u30ed\\u30fc\\u304c\\u5206\\u304b\\u308a\\u307e\\u3057\\u305f\\u3002\\r\\n","3":"\\u65b0\\u898f\\u306a\\u6a5f\\u80fd\\u3092\\u7814\\u7a76\\u3057\\u307e\\u3057\\u305f\\u3002<br>\\r\\nsushi\\u306e\\u30b5\\u30fc\\u30d0\\u304c\\u7814\\u7a76\\u3057\\u3066\\u3044\\u307e\\u3059\\u3002"}', '2013-02-21 00:28:12', '2013-02-21 00:28:07', 1),
(13, 1, '{"later-time":"","time1":"08:30","time2":"22:45","1":"\\u30ea\\u30af\\u30a8\\u30b9\\u30c8\\u3092\\u95a2\\u4fc2\\u3059\\u308b\\u6a5f\\u80fd\\u3092\\u5b9f\\u88c5\\u3057\\u307e\\u3057\\u305f\\u3002\\r\\n<br>\\r\\n \\u00a0 \\u00a0\\uff0a\\u3000\\u8ffd\\u52a0\\u3059\\u308b\\u6a5f\\u80fd<br>\\r\\n \\u00a0 \\u00a0\\uff0a\\u3000\\u524a\\u9664\\u3059\\u308b\\u6a5f\\u80fd<br>\\r\\n \\u00a0 \\u00a0\\uff0a\\u3000\\u4fee\\u6b63\\u3059\\u308b\\u6a5f\\u80fd\\u3000<br>\\r\\n \\u00a0 \\u00a0\\uff0a\\u3000\\u4e00\\u89a7\\u3067\\u8868\\u793a\\u3059\\u308b\\u6a5f\\u80fd<br>\\r\\n\\u3000\\u3000\\u30ea\\u30af\\u30a8\\u30b9\\u30c8\\u306e\\u30ab\\u30c6\\u30b4\\u30ea\\u30fc\\u3092\\u95a2\\u4fc2\\u3059\\u308b\\u6a5f\\u80fd\\u3092<br>\\u5b9f\\u88c5\\u3057\\u307e\\u3057\\u305f\\u3002<br>\\r\\n\\u3000\\u3000 \\u00a0 \\u00a0\\uff0a\\u3000\\u8ffd\\u52a0\\u3059\\u308b\\u6a5f\\u80fd<br>\\r\\n \\u00a0 \\u00a0\\uff0a\\u3000\\u524a\\u9664\\u3059\\u308b\\u6a5f\\u80fd<br>\\r\\n \\u00a0 \\u00a0\\uff0a\\u3000\\u4fee\\u6b63\\u3059\\u308b\\u6a5f\\u80fd\\u3000<br>\\r\\n \\u00a0 \\u00a0\\uff0a\\u3000\\u4e00\\u89a7\\u3067\\u8868\\u793a\\u3059\\u308b\\u6a5f\\u80fd<br>","2":"","3":"\\u30d7\\u30ec\\u30bc\\u30f3\\u30c8\\u3092\\u7ba1\\u7406\\u3059\\u308b\\u753b\\u9762\\u3092\\u3064\\u304f\\u308a\\u307e\\u3059\\u3002","4":""}', '2013-02-21 23:44:20', '2013-02-21 23:44:16', 1),
(14, 2, '{"later-time":"","time1":"10:30","time2":"21:30","1":"\\u6b8b\\u308b\\u6642\\u9593\\u30e9\\u30f3\\u30ad\\u30f3\\u30b0\\u3092\\u8a08\\u7b97\\u3059\\u308b\\u6a5f\\u80fd\\u306f\\uff19\\uff10\\uff05\\u3067\\u3059\\u3002<br>\\r\\n","2":"\\u30e6\\u30fc\\u30b6\\u306f\\u4e09\\u3064\\u306e\\u30cf\\u30fc\\u30c8\\u3092\\u5931\\u304f\\u3059\\u3068\\u3001\\u4e00\\u3064\\u306e\\u30b8\\u30a7\\u30e0\\u3092\\u53d6\\u5f97\\u3067\\u304d\\u308b\\u306e\\u306f\\u4fee\\u6b63\\u3057\\u307e\\u3057\\u305f\\u3002\\u51fa\\u6765\\u307e\\u3057\\u305f\\u3002<br>\\r\\nsushipanic\\u306e\\u30b5\\u30fc\\u30d0\\u3092\\u7814\\u7a76\\u3057\\u307e\\u3057\\u305f\\u3002\\u30d5\\u30ed\\u30fc\\u304c\\u5206\\u304b\\u308a\\u307e\\u3057\\u305f\\u3002\\r\\n","3":"\\u65b0\\u898f\\u306a\\u6a5f\\u80fd\\u3092\\u7814\\u7a76\\u3057\\u307e\\u3057\\u305f\\u3002<br>\\r\\nsushi\\u306e\\u30b5\\u30fc\\u30d0\\u304c\\u7814\\u7a76\\u3057\\u3066\\u3044\\u307e\\u3059\\u3002"}', NULL, '2013-02-21 01:52:42', 0),
(15, 1, '{"later-time":"","time1":"08:30","time2":"22:45","1":"\\u30ea\\u30af\\u30a8\\u30b9\\u30c8\\u3092\\u95a2\\u4fc2\\u3059\\u308b\\u6a5f\\u80fd\\u3092\\u5b9f\\u88c5\\u3057\\u307e\\u3057\\u305f\\u3002\\r\\n<br>\\r\\n &nbsp; &nbsp;\\uff0a\\u3000\\u8ffd\\u52a0\\u3059\\u308b\\u6a5f\\u80fd<br>\\r\\n &nbsp; &nbsp;\\uff0a\\u3000\\u524a\\u9664\\u3059\\u308b\\u6a5f\\u80fd<br>\\r\\n &nbsp; &nbsp;\\uff0a\\u3000\\u4fee\\u6b63\\u3059\\u308b\\u6a5f\\u80fd\\u3000<br>\\r\\n &nbsp; &nbsp;\\uff0a\\u3000\\u4e00\\u89a7\\u3067\\u8868\\u793a\\u3059\\u308b\\u6a5f\\u80fd<br>\\r\\n\\u3000\\u3000\\u30ea\\u30af\\u30a8\\u30b9\\u30c8\\u306e\\u30ab\\u30c6\\u30b4\\u30ea\\u30fc\\u3092\\u95a2\\u4fc2\\u3059\\u308b\\u6a5f\\u80fd\\u3092<br>\\u5b9f\\u88c5\\u3057\\u307e\\u3057\\u305f\\u3002<br>\\r\\n\\u3000\\u3000 &nbsp; &nbsp;\\uff0a\\u3000\\u8ffd\\u52a0\\u3059\\u308b\\u6a5f\\u80fd<br>\\r\\n &nbsp; &nbsp;\\uff0a\\u3000\\u524a\\u9664\\u3059\\u308b\\u6a5f\\u80fd<br>\\r\\n &nbsp; &nbsp;\\uff0a\\u3000\\u4fee\\u6b63\\u3059\\u308b\\u6a5f\\u80fd\\u3000<br>\\r\\n &nbsp; &nbsp;\\uff0a\\u3000\\u4e00\\u89a7\\u3067\\u8868\\u793a\\u3059\\u308b\\u6a5f\\u80fd<br>","2":"","3":"\\u30d7\\u30ec\\u30bc\\u30f3\\u30c8\\u3092\\u7ba1\\u7406\\u3059\\u308b\\u753b\\u9762\\u3092\\u3064\\u304f\\u308a\\u307e\\u3059\\u3002","4":""}', NULL, '2013-02-24 18:54:23', 0),
(16, 2, '{"later-time":"","time1":"10:00","time2":"20:45","1":"","2":"sushi panic v1.4\\u306b\\u53cb\\u9054\\u3092\\u62db\\u5f85\\u3059\\u308b\\u753b\\u9762\\u304c\\u5909\\u308f\\u308a\\u307e\\u3059\\u3002<br>\\r\\nloading\\u753b\\u9762\\u304c\\u5909\\u308f\\u308b\\u3002<br>\\r\\n\\u30dc\\u30ca\\u30b9Event\\u3092\\u958b\\u767a\\u3057\\u3066\\u3044\\u307e\\u3059\\u3002\\r\\n","3":"sushipanic v1.4\\u306b\\u7d9a\\u304f\\u3066Update\\u3057\\u3066\\u3044\\u308b\\u3002"}', '2013-02-24 21:20:51', '2013-02-24 21:20:48', 1),
(17, 2, '{"later-time":"","time1":"10:00","time2":"20:45","1":"","2":"sushi panic v1.4\\u306b\\u53cb\\u9054\\u3092\\u62db\\u5f85\\u3059\\u308b\\u753b\\u9762\\u304c\\u5909\\u308f\\u308a\\u307e\\u3059\\u3002<br>\\r\\nloading\\u753b\\u9762\\u304c\\u5909\\u308f\\u308b\\u3002<br>\\r\\n\\u30dc\\u30ca\\u30b9Event\\u3092\\u958b\\u767a\\u3057\\u3066\\u3044\\u307e\\u3059\\u3002\\r\\n","3":"sushipanic v1.4\\u306b\\u7d9a\\u304f\\u3066Update\\u3057\\u3066\\u3044\\u308b\\u3002"}', NULL, '2013-02-24 21:21:00', 0),
(18, 2, '{"later-time":"","time1":"10:30","time2":"23:00","1":"","2":"sushi panic v1.4\\u306b\\u53cb\\u9054\\u3092\\u62db\\u5f85\\u3059\\u308b\\u753b\\u9762\\u3092\\u4fee\\u6b63\\u3057\\u307e\\u3057\\u305f\\u3002<br>\\r\\n\\u62db\\u5f85\\u30dc\\u30bf\\u30f3\\u3092\\u4fee\\u6b63\\u3057\\u307e\\u3059\\u3002<br>\\r\\n\\u30dc\\u30ca\\u30b9mode\\u3092\\u958b\\u767a\\u3057\\u307e\\u3057\\u305f\\u3002<br>\\r\\n\\u30b3\\u30f3\\u30c6\\u30a4\\u30cb\\u30e5\\u30fc\\u306e\\u6642\\u306b\\u53cb\\u9054\\u306e\\u30b9\\u30b3\\u30a2\\u3092\\u8868\\u793a\\u3059\\u308b\\u3053\\u3068\\u306b\\u95a2\\u3057\\u3066UI\\u3092\\u4fee\\u6b63\\u3057\\u307e\\u3059\\u3002\\r\\n\\r\\n","3":"sushipanic v1.4\\u306bDebug\\u3092\\u3057\\u3066\\u3044\\u307e\\u3059\\u3002"}', '2013-02-25 23:06:04', '2013-02-25 23:06:01', 1),
(19, 1, '{"later-time":"","time1":"10:00","time2":"23:00","1":"\\u91e3\\u308a\\u30de\\u30b9\\u30bf\\u306e\\u304a\\u77e5\\u3089\\u305b\\u306e\\u30da\\u30fc\\u30b8\\u3092\\u4f5c\\u308a\\u307e\\u3057\\u305f\\u3002","2":"","3":"\\u91e3\\u308a\\u30de\\u30b9\\u30bf\\u306e\\u30d8\\u30eb\\u30d5\\u306e\\u30da\\u30fc\\u30b8\\u3092\\u4f5c\\u308a\\u307e\\u3057\\u305f\\u3002","4":""}', '2013-02-25 23:01:14', '2013-02-25 23:01:11', 1),
(20, 4, '{"later-time":"","time1":"10:30","time2":"23:15","1":"\\u30ec\\u30d9\\u30eb\\u30a6\\u30c3\\u30d7\\u5b9f\\u88c5\\u3000<br \\/>\\r\\n\\u30b3\\u30fc\\u30c9refactor","2":"\\u4f5c\\u696d","3":"\\u3000(~~~~)"}', '2013-02-25 23:14:44', '2013-02-25 23:14:40', 1),
(21, 4, '{"later-time":"","time1":"10:30","time2":"23:15","1":"\\u30ec\\u30d9\\u30eb\\u30a6\\u30c3\\u30d7\\u5b9f\\u88c5\\u3000<br \\/>\\r\\n\\u30b3\\u30fc\\u30c9refactor","2":"\\u4f5c\\u696d","3":"\\u3000(~~~~)"}', '2013-02-25 23:15:27', '2013-02-25 23:15:24', 1),
(22, 1, '{"later-time":"","time1":"09:30","time2":"21:00","1":"\\u91e3\\u308a\\u30de\\u30b9\\u30bf\\u30d7\\u30ed\\u30b8\\u30a7\\u30af\\u30c8\\u3092\\u30d8\\u30eb\\u30d5\\u3057\\u307e\\u3059\\u3002 <br>\\r\\n\\u3000\\u3000\\uff0a\\u3000\\u30d8\\u30eb\\u30d5\\u306e\\u30da\\u30fc\\u30b8\\u3092\\u4f5c\\u308a\\u307e\\u3057\\u305f\\u3002<br>\\r\\n \\u00a0 \\u00a0\\uff0a\\u3000souji\\u3055\\u3093\\u306e\\u30d6\\u30e9\\u30f3\\u30c1\\u3092pull\\u3057\\u305f\\u3089\\u3001rebase\\u3057\\u307e\\u3057\\u305f\\u3002<br>\\r\\n \\u00a0 \\u00a0\\uff0a\\u3000\\u3084\\u3063\\u305f\\u3053\\u3068\\u306f20130226-add-otherpage-design\\u30d6\\u30e9\\u30f3\\u30c1\\u306b\\u30d7\\u30c3\\u30b7\\u30e5\\u30fc\\u3057<br>","2":"","3":"\\u91e3\\u308a\\u30de\\u30b9\\u30bf\\u30d7\\u30ed\\u30b8\\u30a7\\u30af\\u30c8\\u306e\\u4ed6\\u306e\\u4eba\\u306e\\u30d7\\u30ed\\u30d5\\u30a1\\u30a4\\u30eb\\u3092\\u8868\\u793a\\u3059\\u308b\\u30da\\u30fc\\u30b8\\u3092\\u4f5c\\u308a\\u307e\\u3059\\u3002","4":""}', NULL, '2013-02-26 19:47:58', 0),
(23, 4, '{"later-time":"","time1":"10:30","time2":"23:15","1":"\\u30ec\\u30d9\\u30eb\\u30a6\\u30c3\\u30d7\\u5b9f\\u88c5\\u3000-> done <br \\/>\\r\\n\\u30b3\\u30fc\\u30c9refactor","2":"\\u4f5c\\u696d","3":"\\u4eca\\u65e5\\u306e\\u300c\\u3044\\u3044\\u3053\\u3068\\u300d\\u306fzsh\\u3060\\u3088"}', '2013-02-26 17:57:39', '2013-02-26 17:57:37', 1),
(24, 4, '{"later-time":"","time1":"10:30","time2":"23:15","1":"\\u30ec\\u30d9\\u30eb\\u30a6\\u30c3\\u30d7\\u5b9f\\u88c5\\u3000-> done <br \\/>\\r\\n\\u30b3\\u30fc\\u30c9refactor","2":"\\u4f5c\\u696d","3":"\\u4eca\\u65e5\\u306e\\u300c\\u3044\\u3044\\u3053\\u3068\\u300d\\u306fzsh\\u3060\\u3088"}', '2013-02-26 18:02:14', '2013-02-26 18:02:11', 1),
(25, 4, '{"later-time":"","time1":"10:30","time2":"20:15","1":"\\u30ec\\u30d9\\u30eb\\u30a6\\u30c3\\u30d7\\u5b9f\\u88c5\\u3000-&gt; done <br>\\r\\n\\u30b3\\u30fc\\u30c9refactor","2":"\\u4f5c\\u696d","3":"\\u4eca\\u65e5\\u306e\\u300c\\u3044\\u3044\\u3053\\u3068\\u300d\\u306fzsh\\u3060\\u3088"}', '2013-02-26 20:23:19', '2013-02-26 20:23:17', 1),
(26, 4, '{"later-time":"","time1":"10:30","time2":"20:15","1":"\\u30ec\\u30d9\\u30eb\\u30a6\\u30c3\\u30d7\\u5b9f\\u88c5\\u3000-&gt; done <br>\\r\\n\\u30b3\\u30fc\\u30c9refactor","2":"\\u4f5c\\u696d","3":"\\u4eca\\u65e5\\u306e\\u300c\\u3044\\u3044\\u3053\\u3068\\u300d\\u306fzsh\\u3060\\u3088"}', '2013-02-26 20:23:40', '2013-02-26 20:23:35', 1),
(27, 4, '{"later-time":"","time1":"10:30","time2":"20:15","1":"\\u30ec\\u30d9\\u30eb\\u30a6\\u30c3\\u30d7\\u5b9f\\u88c5\\u3000-&gt; done <br>\\r\\n\\u30b3\\u30fc\\u30c9refactor","2":"\\u4f5c\\u696d","3":"\\u4eca\\u65e5\\u306e\\u300c\\u3044\\u3044\\u3053\\u3068\\u300d\\u306fzsh\\u3060\\u3088"}', '2013-02-26 20:26:46', '2013-02-26 20:26:45', 1),
(28, 4, '{"later-time":"","time1":"10:30","time2":"20:15","1":"\\u30ec\\u30d9\\u30eb\\u30a6\\u30c3\\u30d7\\u5b9f\\u88c5\\u3000-&gt; done <br>\\r\\n\\u30b3\\u30fc\\u30c9refactor","2":"\\u4f5c\\u696d","3":"\\u4eca\\u65e5\\u306e\\u300c\\u3044\\u3044\\u3053\\u3068\\u300d\\u306fzsh\\u3060\\u3088"}', '2013-02-26 20:34:08', '2013-02-26 20:34:01', 1),
(29, 4, '{"later-time":"","time1":"10:30","time2":"20:15","1":"\\u30ec\\u30d9\\u30eb\\u30a6\\u30c3\\u30d7\\u5b9f\\u88c5\\u3000-&gt; done <br>\\r\\n\\u30b3\\u30fc\\u30c9refactor","2":"\\u4f5c\\u696d","3":"\\u4eca\\u65e5\\u306e\\u300c\\u3044\\u3044\\u3053\\u3068\\u300d\\u306fzsh\\u3060\\u3088"}', NULL, '2013-02-26 20:34:52', 0),
(30, 1, '{"later-time":"","time1":"09:30","time2":"21:00","1":"\\u91e3\\u308a\\u30de\\u30b9\\u30bf\\u30d7\\u30ed\\u30b8\\u30a7\\u30af\\u30c8\\u3092\\u30d8\\u30eb\\u30d5\\u3057\\u307e\\u3059\\u3002 <br>\\r\\n\\u3000\\u3000\\uff0a\\u3000\\u30d8\\u30eb\\u30d5\\u306e\\u30da\\u30fc\\u30b8\\u3092\\u4f5c\\u308a\\u307e\\u3057\\u305f\\u3002<br>\\r\\n \\u00a0 \\u00a0\\uff0a\\u3000souji\\u3055\\u3093\\u306e\\u30d6\\u30e9\\u30f3\\u30c1\\u3092pull\\u3057\\u305f\\u3089\\u3001rebase\\u3057\\u307e\\u3057\\u305f\\u3002<br>\\r\\n \\u00a0 \\u00a0\\uff0a\\u3000\\u3084\\u3063\\u305f\\u3053\\u3068\\u306f20130226-add-otherpage-design\\u30d6\\u30e9\\u30f3\\u30c1\\u306b\\u30d7\\u30c3\\u30b7\\u30e5\\u30fc\\u3057<br>","2":"","3":"\\u91e3\\u308a\\u30de\\u30b9\\u30bf\\u30d7\\u30ed\\u30b8\\u30a7\\u30af\\u30c8\\u306e\\u4ed6\\u306e\\u4eba\\u306e\\u30d7\\u30ed\\u30d5\\u30a1\\u30a4\\u30eb\\u3092\\u8868\\u793a\\u3059\\u308b\\u30da\\u30fc\\u30b8\\u3092\\u4f5c\\u308a\\u307e\\u3059\\u3002","4":""}', '2013-02-27 09:33:12', '2013-02-27 09:33:10', 1),
(31, 1, '{"later-time":"","time1":"09:30","time2":"21:00","1":"\\u91e3\\u308a\\u30de\\u30b9\\u30bf\\u30d7\\u30ed\\u30b8\\u30a7\\u30af\\u30c8\\u3092\\u30d8\\u30eb\\u30d5\\u3057\\u307e\\u3059\\u3002 <br>\\r\\n\\u3000\\u3000\\uff0a\\u3000\\u30d8\\u30eb\\u30d5\\u306e\\u30da\\u30fc\\u30b8\\u3092\\u4f5c\\u308a\\u307e\\u3057\\u305f\\u3002<br>\\r\\n \\u00a0 \\u00a0\\uff0a\\u3000souji\\u3055\\u3093\\u306e\\u30d6\\u30e9\\u30f3\\u30c1\\u3092pull\\u3057\\u305f\\u3089\\u3001rebase\\u3057\\u307e\\u3057\\u305f\\u3002<br>\\r\\n \\u00a0 \\u00a0\\uff0a\\u3000\\u3084\\u3063\\u305f\\u3053\\u3068\\u306f20130226-add-otherpage-design\\u30d6\\u30e9\\u30f3\\u30c1\\u306b\\u30d7\\u30c3\\u30b7\\u30e5\\u30fc\\u3057<br>","2":"","3":"\\u91e3\\u308a\\u30de\\u30b9\\u30bf\\u30d7\\u30ed\\u30b8\\u30a7\\u30af\\u30c8\\u306e\\u4ed6\\u306e\\u4eba\\u306e\\u30d7\\u30ed\\u30d5\\u30a1\\u30a4\\u30eb\\u3092\\u8868\\u793a\\u3059\\u308b\\u30da\\u30fc\\u30b8\\u3092\\u4f5c\\u308a\\u307e\\u3059\\u3002","4":""}', '2013-02-27 09:34:17', '2013-02-27 09:34:13', 1),
(32, 1, '{"later-time":"","time1":"09:30","time2":"21:00","1":"\\u91e3\\u308a\\u30de\\u30b9\\u30bf\\u30d7\\u30ed\\u30b8\\u30a7\\u30af\\u30c8\\u3092\\u30d8\\u30eb\\u30d5\\u3057\\u307e\\u3059\\u3002 <br>\\r\\n\\u3000\\u3000\\uff0a\\u3000\\u30d8\\u30eb\\u30d5\\u306e\\u30da\\u30fc\\u30b8\\u3092\\u4f5c\\u308a\\u307e\\u3057\\u305f\\u3002<br>\\r\\n \\u00a0 \\u00a0\\uff0a\\u3000souji\\u3055\\u3093\\u306e\\u30d6\\u30e9\\u30f3\\u30c1\\u3092pull\\u3057\\u305f\\u3089\\u3001rebase\\u3057\\u307e\\u3057\\u305f\\u3002<br>\\r\\n \\u00a0 \\u00a0\\uff0a\\u3000\\u3084\\u3063\\u305f\\u3053\\u3068\\u306f20130226-add-otherpage-design\\u30d6\\u30e9\\u30f3\\u30c1\\u306b\\u30d7\\u30c3\\u30b7\\u30e5\\u30fc\\u3057<br>","2":"","3":"\\u91e3\\u308a\\u30de\\u30b9\\u30bf\\u30d7\\u30ed\\u30b8\\u30a7\\u30af\\u30c8\\u306e\\u4ed6\\u306e\\u4eba\\u306e\\u30d7\\u30ed\\u30d5\\u30a1\\u30a4\\u30eb\\u3092\\u8868\\u793a\\u3059\\u308b\\u30da\\u30fc\\u30b8\\u3092\\u4f5c\\u308a\\u307e\\u3059\\u3002","4":""}', '2013-02-27 09:35:18', '2013-02-27 09:35:15', 1),
(33, 1, '{"later-time":"","time1":"09:30","time2":"21:00","1":"\\u91e3\\u308a\\u30de\\u30b9\\u30bf\\u30d7\\u30ed\\u30b8\\u30a7\\u30af\\u30c8\\u3092\\u30d8\\u30eb\\u30d5\\u3057\\u307e\\u3059\\u3002 <br>\\r\\n\\u3000\\u3000\\uff0a\\u3000\\u30d8\\u30eb\\u30d5\\u306e\\u30da\\u30fc\\u30b8\\u3092\\u4f5c\\u308a\\u307e\\u3057\\u305f\\u3002<br>\\r\\n \\u00a0 \\u00a0\\uff0a\\u3000souji\\u3055\\u3093\\u306e\\u30d6\\u30e9\\u30f3\\u30c1\\u3092pull\\u3057\\u305f\\u3089\\u3001rebase\\u3057\\u307e\\u3057\\u305f\\u3002<br>\\r\\n \\u00a0 \\u00a0\\uff0a\\u3000\\u3084\\u3063\\u305f\\u3053\\u3068\\u306f20130226-add-otherpage-design\\u30d6\\u30e9\\u30f3\\u30c1\\u306b\\u30d7\\u30c3\\u30b7\\u30e5\\u30fc\\u3057<br>","2":"","3":"\\u91e3\\u308a\\u30de\\u30b9\\u30bf\\u30d7\\u30ed\\u30b8\\u30a7\\u30af\\u30c8\\u306e\\u4ed6\\u306e\\u4eba\\u306e\\u30d7\\u30ed\\u30d5\\u30a1\\u30a4\\u30eb\\u3092\\u8868\\u793a\\u3059\\u308b\\u30da\\u30fc\\u30b8\\u3092\\u4f5c\\u308a\\u307e\\u3059\\u3002","4":""}', '2013-02-27 09:35:35', '2013-02-27 09:35:31', 1),
(34, 1, '{"later-time":"","time1":"09:30","time2":"21:00","1":"\\u91e3\\u308a\\u30de\\u30b9\\u30bf\\u30d7\\u30ed\\u30b8\\u30a7\\u30af\\u30c8\\u3092\\u30d8\\u30eb\\u30d5\\u3057\\u307e\\u3059\\u3002 <br>\\r\\n\\u3000\\u3000\\uff0a\\u3000\\u30d8\\u30eb\\u30d5\\u306e\\u30da\\u30fc\\u30b8\\u3092\\u4f5c\\u308a\\u307e\\u3057\\u305f\\u3002<br>\\r\\n \\u00a0 \\u00a0\\uff0a\\u3000souji\\u3055\\u3093\\u306e\\u30d6\\u30e9\\u30f3\\u30c1\\u3092pull\\u3057\\u305f\\u3089\\u3001rebase\\u3057\\u307e\\u3057\\u305f\\u3002<br>\\r\\n \\u00a0 \\u00a0\\uff0a\\u3000\\u3084\\u3063\\u305f\\u3053\\u3068\\u306f20130226-add-otherpage-design\\u30d6\\u30e9\\u30f3\\u30c1\\u306b\\u30d7\\u30c3\\u30b7\\u30e5\\u30fc\\u3057<br>","2":"","3":"\\u91e3\\u308a\\u30de\\u30b9\\u30bf\\u30d7\\u30ed\\u30b8\\u30a7\\u30af\\u30c8\\u306e\\u4ed6\\u306e\\u4eba\\u306e\\u30d7\\u30ed\\u30d5\\u30a1\\u30a4\\u30eb\\u3092\\u8868\\u793a\\u3059\\u308b\\u30da\\u30fc\\u30b8\\u3092\\u4f5c\\u308a\\u307e\\u3059\\u3002","4":""}', '2013-02-27 22:42:24', '2013-02-27 09:35:36', 1),
(35, 2, '{"later-time":"","time1":"10:30","time2":"22:00","1":"","2":"sushi panic v1.4\\u306b\\u53cb\\u9054\\u3092\\u62db\\u5f85\\u3059\\u308b\\u753b\\u9762\\u3092\\u4fee\\u6b63\\u3057\\u307e\\u3057\\u305f\\u3002<br>\\r\\n\\u62db\\u5f85\\u30dc\\u30bf\\u30f3\\u3092\\u4fee\\u6b63\\u3057\\u307e\\u3059\\u3002<br>\\r\\n\\u30dc\\u30ca\\u30b9mode\\u3092\\u958b\\u767a\\u3057\\u307e\\u3057\\u305f\\u3002<br>\\r\\n\\u30b3\\u30f3\\u30c6\\u30a4\\u30cb\\u30e5\\u30fc\\u306e\\u6642\\u306b\\u53cb\\u9054\\u306e\\u30b9\\u30b3\\u30a2\\u3092\\u8868\\u793a\\u3059\\u308b\\u3053\\u3068\\u306b\\u95a2\\u3057\\u3066UI\\u3092\\u4fee\\u6b63\\u3057\\u307e\\u3059\\u3002\\r\\n\\r\\n","3":"sushipanic v1.4\\u306bDebug\\u3092\\u3057\\u3066\\u3044\\u307e\\u3059\\u3002"}', '2013-02-27 10:45:48', '2013-02-27 10:45:47', 1),
(36, 3, '{"later-time":"","time1":"10:15","time2":"20:30","1":"","2":"&nbsp;&nbsp;googleapi\\u3092\\u4f7f\\u3063\\u3066\\u3001\\u30a2\\u30d7\\u30ea\\u30e9\\u30f3\\u30ad\\u30f3\\u30b0\\u3068\\u30ad\\u30fc\\u30ef\\u30fc\\u30c9\\u30e9\\u30f3\\u30ad\\u30f3\\u30b0\\u306e\\u56f3\\u8868\\u3068\\u3092\\u63cf\\u304f\\u306e\\u3092\\u5909\\u66f4\\u3057\\u307e\\u3059\\u3002"}', '2013-02-27 22:24:25', '2013-02-27 22:24:25', 1),
(37, 2, '{"later-time":"","time1":"10:30","time2":"22:30","1":"","2":"sushipanic v1.4\\u306bdebug\\u3092\\u5b9f\\u884c\\u3057\\u307e\\u3059\\u3002\\r\\nUI\\u3068\\u30a8\\u30fc\\u30e9\\u3092\\u4fee\\u6b63\\u3057\\u307e\\u3059\\u3002\\r\\n","3":"sushipanic v1.\\uff15\\u3092\\u66f4\\u65b0\\u3059\\u308b\\u4e8b\\u3092\\u6e96\\u5099\\u3057\\u307e\\u3059\\u3002"}', '2013-02-27 22:22:03', '2013-02-27 22:22:00', 1),
(38, 4, '{"later-time":"","time1":"10:30","time2":"20:15","1":"\\u30ec\\u30d9\\u30eb\\u30a6\\u30c3\\u30d7\\u5b9f\\u88c5\\u3000-&gt; done <br>\\r\\n\\u30b3\\u30fc\\u30c9refactor","2":"\\u4f5c\\u696d","3":"\\u4eca\\u65e5\\u306e\\u300c\\u3044\\u3044\\u3053\\u3068\\u300d\\u306fzsh\\u3060\\u3088"}', '2013-02-27 22:19:37', NULL, 1),
(39, 4, '{"later-time":"","time1":"10:30","time2":"20:15","1":"\\u30ec\\u30d9\\u30eb\\u30a6\\u30c3\\u30d7\\u5b9f\\u88c5\\u3000-&gt; done <br \\/>\\r\\n\\u30b3\\u30fc\\u30c9refactor","2":"\\u4f5c\\u696d","3":"\\u4eca\\u65e5\\u306e\\u300c\\u3044\\u3044\\u3053\\u3068\\u300d\\u306fzsh\\u3060\\u3088"}', '2013-02-27 22:20:12', '2013-02-27 22:20:10', 1),
(40, 4, '{"later-time":"","time1":"10:30","time2":"22:15","1":"\\u5b9f\\u88c5","2":"\\u5b9f\\u88c5","3":"\\u306a\\u306b\\u3082\\u306a\\u3044"}', '2013-02-27 22:20:48', '2013-02-27 22:20:47', 1),
(41, 4, '{"later-time":"","time1":"10:30","time2":"22:15","1":"\\u5b9f\\u88c5","2":"\\u5b9f\\u88c5","3":"\\u306a\\u306b\\u3082\\u306a\\u3044"}', '2013-02-27 22:44:03', '2013-02-27 22:44:01', 1),
(42, 2, '{"later-time":"","time1":"10:30","time2":"22:30","1":"","2":"sushipanic v1.4\\u306bdebug\\u3092\\u5b9f\\u884c\\u3057\\u307e\\u3059\\u3002\\r\\nUI\\u3068\\u30a8\\u30fc\\u30e9\\u3092\\u4fee\\u6b63\\u3057\\u307e\\u3059\\u3002\\r\\n","3":"sushipanic v1.\\uff15\\u3092\\u66f4\\u65b0\\u3059\\u308b\\u4e8b\\u3092\\u6e96\\u5099\\u3057\\u307e\\u3059\\u3002"}', NULL, '2013-02-27 22:22:24', 0),
(43, 3, '{"later-time":"","time1":"10:15","time2":"20:30","1":"","2":"&nbsp;&nbsp;googleapi\\u3092\\u4f7f\\u3063\\u3066\\u3001\\u30a2\\u30d7\\u30ea\\u30e9\\u30f3\\u30ad\\u30f3\\u30b0\\u3068\\u30ad\\u30fc\\u30ef\\u30fc\\u30c9\\u30e9\\u30f3\\u30ad\\u30f3\\u30b0\\u306e\\u56f3\\u8868\\u3068\\u3092\\u63cf\\u304f\\u306e\\u3092\\u5909\\u66f4\\u3057\\u307e\\u3059\\u3002"}', '2013-02-27 22:25:26', '2013-02-27 22:25:22', 1),
(44, 1, '{"later-time":"","time1":"09:30","time2":"23:00","1":"\\u91e3\\u308a\\u30de\\u30b9\\u30bf\\u30d7\\u30ed\\u30b8\\u30a7\\u30af\\u30c8\\u3092\\u30d8\\u30eb\\u30d5\\u3057\\u307e\\u3059\\u3002 <br>\\r\\n\\u3000\\u3000\\uff0a\\u3000\\u4ed6\\u4eba\\u306e\\u30da\\u30fc\\u30b8\\u3092\\u4f5c\\u308a\\u307e\\u3059\\u3002","2":"","3":"\\u91e3\\u308a\\u30de\\u30b9\\u30bf\\u30d7\\u30ed\\u30b8\\u30a7\\u30af\\u30c8\\u306e\\u4f5c\\u696d\\u3092\\u3084\\u308a\\u307e\\u3059\\u3002","4":""}', '2013-02-27 23:08:16', '2013-02-27 23:08:15', 1),
(46, 1, '{"later-time":"","time1":"09:30","time2":"23:00","1":"\\u91e3\\u308a\\u30de\\u30b9\\u30bf\\u30d7\\u30ed\\u30b8\\u30a7\\u30af\\u30c8\\u3092\\u30d8\\u30eb\\u30d5\\u3057\\u307e\\u3059\\u3002 <br>\\r\\n\\u3000\\u3000\\uff0a\\u3000\\u4ed6\\u4eba\\u306e\\u30da\\u30fc\\u30b8\\u3092\\u4f5c\\u308a\\u307e\\u3059\\u3002","2":"","3":"\\u91e3\\u308a\\u30de\\u30b9\\u30bf\\u30d7\\u30ed\\u30b8\\u30a7\\u30af\\u30c8\\u306e\\u4f5c\\u696d\\u3092\\u3084\\u308a\\u307e\\u3059\\u3002","4":""}', NULL, '2013-02-27 23:09:15', 0),
(45, 4, '{"later-time":"","time1":"10:30","time2":"22:15","1":"\\u4fee\\u5fa9\\u5b9f\\u88c5\\u3000\\u307b\\u307c\\u7d42\\u308f\\u308a <br \\/>\\r\\n\\u56f3\\u9451\\u8868\\u793a\\u5b9f\\u88c5\\u3000done","2":"\\u4fee\\u5fa9\\u5b9f\\u88c5\\u3000\\u304a\\u308f\\u305b\\u308b\\r\\n\\u58f2\\u5374\\u5b9f\\u88c5\\r\\n\\u5b9f\\u88c5","3":"(^.^;;)"}', '2013-02-27 23:27:02', '2013-02-27 23:26:57', 1),
(47, 4, '{"later-time":"","time1":"10:30","time2":"22:15","1":"\\u4fee\\u5fa9\\u5b9f\\u88c5\\u3000\\u307b\\u307c\\u7d42\\u308f\\u308a <br \\/>\\r\\n\\u56f3\\u9451\\u8868\\u793a\\u5b9f\\u88c5\\u3000done","2":"\\u4fee\\u5fa9\\u5b9f\\u88c5\\u3000\\u304a\\u308f\\u305b\\u308b\\r\\n\\u58f2\\u5374\\u5b9f\\u88c5\\r\\n\\u5b9f\\u88c5","3":"(^.^;;)"}', NULL, '2013-02-27 23:27:02', 0),
(48, 5, '{"later-time":"","time1":"","time2":""}', NULL, '2013-02-28 01:08:35', 0),
(49, 2, '{"later-time":"","time1":"10:30","time2":"21:45","1":"","2":"sushipanicv1.5\\u306b\\u66f4\\u65b0\\u3057\\u3066\\u3044\\u307e\\u3057\\u305f\\u3002<br>\\r\\n. \\u53cb\\u9054\\u30b9\\u30b3\\u30a2\\u30dc\\u30ca\\u30b9<br>\\r\\n. \\u62db\\u5f85\\u30dd\\u30c3\\u30d7\\u30a2\\u30c3\\u30d7<br>\\r\\n. Google play \\u3067\\u30ec\\u30d3\\u30e5\\u30fc\\u30a2\\u30d7\\u30ea<br>\\r\\n. \\u81ea\\u6162\\u30dc\\u30ca\\u30b9<br>","3":"sushipanic v1.\\uff15\\u306b\\u65b0\\u3057\\u3044\\u6a5f\\u80fd\\u3092\\u3064\\u3065\\u3051\\u958b\\u767a\\u3057\\u307e\\u3059\\u3002"}', '2013-02-28 21:49:04', '2013-02-28 21:49:02', 1),
(50, 1, '{"later-time":"","time1":"10:00","time2":"20:30","1":"\\u91e3\\u308a\\u30de\\u30b9\\u30bf\\u30d7\\u30ed\\u30b8\\u30a7\\u30af\\u30c8\\u3092\\u30d8\\u30eb\\u30d5\\u3057\\u307e\\u3059\\u3002 <br>\\r\\n\\u3000\\u3000\\uff0a\\u3000\\u4ed6\\u4eba\\u306e\\u30da\\u30fc\\u30b8\\u3092\\u4f5c\\u308a\\u307e\\u3059.<br>\\r\\n\\u3000\\u3000\\uff0a\\u3000\\u3057\\u3087\\u308a\\u3055\\u3093\\u306e\\u30d1\\u30bd\\u30b3\\u30f3\\u306bPHP\\u74b0\\u5883\\u3092\\u8a2d\\u8a08\\u3057\\u307e\\u3057\\u305f\\u3002<br>\\r\\n\\u3000\\u3000\\uff0a\\u3000\\u5831\\u544a\\u4f1a\\u3092\\u3084\\u308a\\u307e\\u3057\\u305f\\u3002<br>","2":"","3":"\\u91e3\\u308a\\u30de\\u30b9\\u30bf\\u30d7\\u30ed\\u30b8\\u30a7\\u30af\\u30c8\\u306e\\u4f5c\\u696d\\u3092\\u3084\\u308a\\u307e\\u3059\\u3002","4":""}', '2013-02-28 21:49:56', '2013-02-28 21:49:52', 1),
(51, 1, '{"later-time":"","time1":"10:00","time2":"20:30","1":"\\u91e3\\u308a\\u30de\\u30b9\\u30bf\\u30d7\\u30ed\\u30b8\\u30a7\\u30af\\u30c8\\u3092\\u30d8\\u30eb\\u30d5\\u3057\\u307e\\u3059\\u3002 <br>\\r\\n\\uff0a\\u3000\\u30c8\\u30fc\\u30ec\\u30cb\\u30f3\\u30b0\\u306e\\u30da\\u30fc\\u30b8\\u3092\\u3084\\u308a\\u307e\\u3059<br>\\r\\n","2":"","3":"\\u91e3\\u308a\\u30de\\u30b9\\u30bf\\u30d7\\u30ed\\u30b8\\u30a7\\u30af\\u30c8\\u306e\\u4f5c\\u696d\\u3092\\u3084\\u308a\\u307e\\u3059\\u3002","4":""}', '2013-03-01 22:59:09', '2013-03-01 22:59:08', 1),
(52, 2, '{"later-time":"","time1":"10:30","time2":"21:00","1":"","2":"sushipanicv1.5\\u306b\\u66f4\\u65b0\\u3057\\u3066\\u3044\\u307e\\u3057\\u305f\\u3002<br>\\r\\n. \\u53cb\\u9054\\u30b9\\u30b3\\u30a2\\u30dc\\u30ca\\u30b9<br>\\r\\n. apple \\u30ec\\u30d3\\u30e5\\u30fc\\u30a2\\u30d7\\u30ea<br>\\r\\n. Google analytics ","3":"sushipanic v1.\\uff15\\u306b\\u65b0\\u3057\\u3044\\u6a5f\\u80fd\\u3092\\u3064\\u3065\\u3051\\u958b\\u767a\\u3057\\u307e\\u3059\\u3002"}', '2013-03-01 23:08:59', '2013-03-01 23:08:56', 1),
(53, 2, '{"later-time":"","time1":"12:30","time2":"19:00","1":"","2":"sushipanicv1.5\\u306b\\u66f4\\u65b0\\u3057\\u3066\\u3044\\u307e\\u3057\\u305f\\u3002<br>\\r\\n. \\u30dc\\u30ca\\u30b9\\u6642\\u9593<br>\\r\\n. Event \\u30dd\\u30c3\\u30d7\\u30a2\\u30c3\\u30d7\\u3092\\u4fee\\u6b63\\u3057\\u307e\\u3057\\u305f\\u3002<br>\\r\\n. Bonus mode\\u6642\\u306b\\u30b9\\u30b7\\u306e\\u30b9\\u30d4\\u30fc\\u30c9\\u3092\\u4fee\\u6b63 \\u3057\\u307e\\u3057\\u305f\\u3002 ","3":"sushipanic v1.\\uff15\\u306b\\u65b0\\u3057\\u3044\\u6a5f\\u80fd\\u3092\\u3064\\u3065\\u3051\\u958b\\u767a\\u3057\\u307e\\u3059\\u3002"}', '2013-03-03 23:15:15', '2013-03-03 23:15:10', 1),
(54, 2, '{"later-time":"","time1":"12:30","time2":"19:00","1":"","2":"sushipanicv1.5\\u306b\\u66f4\\u65b0\\u3057\\u3066\\u3044\\u307e\\u3057\\u305f\\u3002<br>\\r\\n. \\u30dc\\u30ca\\u30b9\\u6642\\u9593<br>\\r\\n. Event \\u30dd\\u30c3\\u30d7\\u30a2\\u30c3\\u30d7\\u3092\\u4fee\\u6b63\\u3057\\u307e\\u3057\\u305f\\u3002<br>\\r\\n. Bonus mode\\u6642\\u306b\\u30b9\\u30b7\\u306e\\u30b9\\u30d4\\u30fc\\u30c9\\u3092\\u4fee\\u6b63 \\u3057\\u307e\\u3057\\u305f\\u3002 ","3":"sushipanic v1.\\uff15\\u306b\\u65b0\\u3057\\u3044\\u6a5f\\u80fd\\u3092\\u3064\\u3065\\u3051\\u958b\\u767a\\u3057\\u307e\\u3059\\u3002"}', NULL, '2013-03-03 23:15:15', 0),
(55, 2, '{"later-time":"","time1":"10:30","time2":"22:30","1":"","2":"\\uff11\\u3002\\u30b9\\u30b7\\u30d1\\u30cb\\u30c3\\u30afv1.5\\u306e\\u30dd\\u30c3\\u30d7\\u30a2\\u30c3\\u30d7\\u3092\\u4fee\\u6b63\\u3057\\u307e\\u3057\\u305f\\u3002<br>\\r\\n\\uff12\\u3002sushipanic for Facebook\\u3092\\u958b\\u767a\\u3057\\u307e\\u3059\\u3002<br>\\r\\n\\u3002\\u30e6\\u30fc\\u30b6\\u60c5\\u5831\\u3092\\u53d6\\u5f97<br>\\r\\n\\u3002\\u30d5\\u30ec\\u30f3\\u30c9\\u60c5\\u5831\\u3092\\u7fd2\\u5f97<br>\\r\\n","3":"sushipanic for Facebook\\u3092\\u7d9a\\u3051\\u958b\\u767a\\u3057\\u307e\\u3059\\u3002"}', '2013-03-05 22:33:13', '2013-03-05 22:33:12', 1),
(56, 2, '{"later-time":"","time1":"10:30","time2":"23:15","1":"","2":"\\u30b9\\u30b7\\u30d1\\u30cb\\u30c3\\u30afFacebook\\u3092\\u7d9a\\u3051\\u958b\\u767a\\u3057\\u307e\\u3057\\u305f\\u3002<br> \\r\\n\\u3002\\u53cb\\u9054\\u3092\\u62db\\u5f85\\u3059\\u308b\\u6a5f\\u80fd\\uff08\\u53cb\\u9054Facebook\\u306eNotification \\u3067\\u8981\\u6c42\\u304c\\u8868\\u793a\\u3055\\u308c\\u308b\\uff09<br>\\r\\n\\u3002Push Notification<br>\\r\\n\\r\\nGCG\\u306eTuan\\u3055\\u3093\\u306bAndroid Market\\u306b\\u30d7\\u30ed\\u30c0\\u30af\\u30c8\\u3092\\u30a2\\u30c3\\u30d7\\u30ed\\u30fc\\u30c9\\u3057\\u3066\\u52a9\\u3051\\u307e\\u3057\\u305f\\u3002","3":"\\u30b9\\u30b7\\u30d1\\u30cb\\u30c3\\u30afFacebook\\u306b\\u53cb\\u9054\\u306eWall\\u3067\\u62db\\u5f85\\u30e1\\u30c3\\u30bb\\u30fc\\u30b8\\u3092\\u6295\\u7a3f\\u3059\\u308b\\u6a5f\\u80fd\\u3092\\u958b\\u767a\\u3057\\u3066\\u3044\\u307e\\u3059<br>\\r\\nFacebook\\u306e\\u653f\\u7b56\\u3092\\u7814\\u7a76\\u3057\\u3066\\u3044\\u307e\\u3059\\u3002<br>\\r\\n\\u30b9\\u30b7\\u30d1\\u30cb\\u30c3\\u30afFacebook\\u3092\\u5b8c\\u4e86\\u3057\\u307e\\u3059\\u3002\\r\\n\\r\\n"}', '2013-03-07 10:48:48', '2013-03-07 10:48:44', 1),
(57, 1, '{"later-time":"","time1":"10:30","time2":"27:00","1":"\\u91e3\\u308a\\u30de\\u30b9\\u30bf\\u30d7\\u30ed\\u30b8\\u30a7\\u30af\\u30c8\\u3092\\u30d8\\u30eb\\u30d5\\u3057\\u307e\\u3059\\u3002  <br>\\r\\n\\uff0a\\u3000\\u30da\\u30b8\\u30f3\\u30b0\\u3092\\u4fee\\u6b63\\u3057\\u307e\\u3057\\u305f\\u3002<br>\\r\\n\\uff0a\\u3000\\u5fa9\\u7fd2\\u3068\\u30a2\\u30a4\\u30c6\\u30e0\\u3092\\u4fee\\u6b63\\u3057\\u307e\\u3057\\u305f\\u3002<br>\\r\\n","2":"","3":"\\u91e3\\u308a\\u30de\\u30b9\\u30bf\\u30d7\\u30ed\\u30b8\\u30a7\\u30af\\u30c8\\u306e\\u4f5c\\u696d\\u3092\\u3084\\u308a\\u307e\\u3059\\u3002","4":""}', '2013-03-07 11:41:57', '2013-03-07 11:41:55', 1),
(58, 1, '{"later-time":"","time1":"10:30","time2":"27:00","1":"\\u91e3\\u308a\\u30de\\u30b9\\u30bf\\u30d7\\u30ed\\u30b8\\u30a7\\u30af\\u30c8\\u3092\\u30d8\\u30eb\\u30d5\\u3057\\u307e\\u3059\\u3002  <br>\\r\\n\\uff0a\\u3000\\u30da\\u30b8\\u30f3\\u30b0\\u3092\\u4fee\\u6b63\\u3057\\u307e\\u3057\\u305f\\u3002<br>\\r\\n\\uff0a\\u3000\\u5fa9\\u7fd2\\u3068\\u30a2\\u30a4\\u30c6\\u30e0\\u3092\\u4fee\\u6b63\\u3057\\u307e\\u3057\\u305f\\u3002<br>\\r\\n","2":"","3":"\\u91e3\\u308a\\u30de\\u30b9\\u30bf\\u30d7\\u30ed\\u30b8\\u30a7\\u30af\\u30c8\\u306e\\u4f5c\\u696d\\u3092\\u3084\\u308a\\u307e\\u3059\\u3002","4":""}', '2013-03-07 11:42:42', NULL, 1),
(59, 1, '{"later-time":"","time1":"10:30","time2":"27:00","1":"\\u91e3\\u308a\\u30de\\u30b9\\u30bf\\u30d7\\u30ed\\u30b8\\u30a7\\u30af\\u30c8\\u3092\\u30d8\\u30eb\\u30d5\\u3057\\u307e\\u3059\\u3002  <br>\\r\\n\\uff0a\\u3000\\u30da\\u30b8\\u30f3\\u30b0\\u3092\\u4fee\\u6b63\\u3057\\u307e\\u3057\\u305f\\u3002<br>\\r\\n\\uff0a\\u3000\\u5fa9\\u7fd2\\u3068\\u30a2\\u30a4\\u30c6\\u30e0\\u3092\\u4fee\\u6b63\\u3057\\u307e\\u3057\\u305f\\u3002<br>\\r\\n","2":"","3":"\\u91e3\\u308a\\u30de\\u30b9\\u30bf\\u30d7\\u30ed\\u30b8\\u30a7\\u30af\\u30c8\\u306e\\u4f5c\\u696d\\u3092\\u3084\\u308a\\u307e\\u3059\\u3002","4":""}', NULL, '2013-03-07 11:43:12', 0),
(60, 2, '{"later-time":"","time1":"10:30","time2":"22:00","1":"","2":"\\u30b9\\u30b7\\u30d1\\u30cb\\u30c3\\u30afFacebook\\u3092\\u7d9a\\u3051\\u958b\\u767a\\u3057\\u307e\\u3057\\u305f\\u3002<br> \\r\\n\\u3002\\u30b9\\u30b7\\u30d1\\u30cb\\u30c3\\u30afTestVersion\\u3092Android Facebook App\\u306b\\u767b\\u9332\\u3057\\u307e\\u3057\\u305f\\u3002Android\\u3067\\u30c6\\u30b9\\u30c8\\u3067\\u304d\\u307e\\u3057\\u305f\\u3002<br>\\r\\n\\u3002Friend\\u306bWall\\u3068Notification\\u3092\\u6295\\u7a3f\\u3059\\u308b\\u3053\\u3068\\u306b\\u5927\\u3057\\u3066\\u3001Facebook policy\\u3092\\u7814\\u7a76\\u3057\\u307e\\u3057\\u305f\\u3002<br>","3":"\\u30b9\\u30b7\\u30d1\\u30cb\\u30c3\\u30afFacebook\\u3092\\u7d9a\\u3051\\u958b\\u767a\\u3057\\u307e\\u3057\\u305f\\u3002<br> \\r\\n\\u3002\\u30b9\\u30b7\\u30d1\\u30cb\\u30c3\\u30afTestVersion\\u3092Iphone Facebook App\\u306b\\u767b\\u9332\\u3057\\u3066\\u3044\\u307e\\u3059\\u3002Iphone\\u3067\\u30c6\\u30b9\\u30c8\\u3067\\u304d\\u308b\\u3002<br>\\r\\n\\u3002\\u7d50\\u5408\\u30c6\\u30b9\\u30c8\\r\\n"}', '2013-03-07 21:56:58', '2013-03-07 21:56:55', 1),
(61, 2, '{"later-time":"","time1":"10:30","time2":"22:00","1":"","2":"\\u30b9\\u30b7\\u30d1\\u30cb\\u30c3\\u30afFacebook\\u3092\\u7d9a\\u3051\\u958b\\u767a\\u3057\\u307e\\u3057\\u305f\\u3002<br> \\r\\n\\u3002\\u30b9\\u30b7\\u30d1\\u30cb\\u30c3\\u30afTestVersion\\u3092Android Facebook App\\u306b\\u767b\\u9332\\u3057\\u307e\\u3057\\u305f\\u3002Android\\u3067\\u30c6\\u30b9\\u30c8\\u3067\\u304d\\u307e\\u3057\\u305f\\u3002<br>\\r\\n\\u3002Friend\\u306bWall\\u3068Notification\\u3092\\u6295\\u7a3f\\u3059\\u308b\\u3053\\u3068\\u306b\\u5927\\u3057\\u3066\\u3001Facebook policy\\u3092\\u7814\\u7a76\\u3057\\u307e\\u3057\\u305f\\u3002<br>","3":"\\u30b9\\u30b7\\u30d1\\u30cb\\u30c3\\u30afFacebook\\u3092\\u7d9a\\u3051\\u958b\\u767a\\u3057\\u307e\\u3057\\u305f\\u3002<br> \\r\\n\\u3002\\u30b9\\u30b7\\u30d1\\u30cb\\u30c3\\u30afTestVersion\\u3092Iphone Facebook App\\u306b\\u767b\\u9332\\u3057\\u3066\\u3044\\u307e\\u3059\\u3002Iphone\\u3067\\u30c6\\u30b9\\u30c8\\u3067\\u304d\\u308b\\u3002<br>\\r\\n\\u3002\\u7d50\\u5408\\u30c6\\u30b9\\u30c8\\r\\n"}', NULL, '2013-03-07 21:57:09', 0),
(62, 2, '{"later-time":"","time1":"10:30","time2":"20:00","1":"","2":"\\u30b9\\u30b7\\u30d1\\u30cb\\u30c3\\u30afFacebook\\u3092\\u7d9a\\u3051\\u958b\\u767a\\u3057\\u307e\\u3057\\u305f\\u3002<br> \\r\\n\\u3002\\u30b9\\u30b7\\u30d1\\u30cb\\u30c3\\u30afTestVersion\\u3092Iphone Facebook App\\u306b\\u767b\\u9332\\u3057\\u307e\\u3057\\u305f\\u3002Android\\u3067\\u30c6\\u30b9\\u30c8\\u3067\\u304d\\u307e\\u3057\\u305f\\u3002<br>\\r\\n\\u3002\\u7d50\\u5408\\u30c6\\u30b9\\u30c8\\u3002<br>","3":""}', '2013-03-08 22:56:45', '2013-03-08 22:56:44', 1),
(63, 1, '{"later-time":"","time1":"10:30","time2":"21:45","1":"Notification\\u6a5f\\u80fd\\u3092\\u5b9f\\u88c5\\u3057\\u307e\\u3057\\u305f\\u3002<br>\\r\\n\\u8a3c\\u62e0\\u3092\\u7ba1\\u7406\\u3059\\u308b\\u6a5f\\u80fd\\u3092\\u5b9f\\u88c5\\u3057\\u307e\\u3057\\u305f\\u3002","2":"","3":"\\u30d7\\u30ec\\u30bc\\u30f3\\u30c8\\u3092\\u7ba1\\u7406\\u3059\\u308b\\u6a5f\\u80fd\\u3092\\u5b9f\\u88c5\\u3057\\u307e\\u3059\\u3002","4":""}', '2013-03-11 21:51:34', '2013-03-11 21:51:31', 1),
(64, 2, '{"later-time":"","time1":"10:30","time2":"20:00","1":"","2":"\\u30b9\\u30b7\\u30d1\\u30cb\\u30c3\\u30afFacebook\\u3092\\u7d9a\\u3051\\u958b\\u767a\\u3057\\u307e\\u3057\\u305f\\u3002<br> \\r\\n\\u3002\\u30b9\\u30b7\\u30d1\\u30cb\\u30c3\\u30afTestVersion\\u3092Iphone Facebook App\\u306b\\u767b\\u9332\\u3057\\u307e\\u3057\\u305f\\u3002Android\\u3067\\u30c6\\u30b9\\u30c8\\u3067\\u304d\\u307e\\u3057\\u305f\\u3002<br>\\r\\n\\u3002\\u7d50\\u5408\\u30c6\\u30b9\\u30c8\\u3002<br>","3":""}', '2013-03-12 20:05:22', '2013-03-12 20:05:21', 1),
(65, 1, '{"later-time":"","time1":"10:30","time2":"20:30","1":"\\u30d7\\u30ec\\u30bc\\u30f3\\u30c8\\u3092\\u7ba1\\u7406\\u3059\\u308b\\u6a5f\\u80fd\\u3092\\u5b9f\\u88c5\\u3057\\u307e\\u3059\\u3002","2":"","3":"TOPUP CARD\\u3092\\u7ba1\\u7406\\u3059\\u308b\\u6a5f\\u80fd\\u306b\\u30d0\\u30b0\\u3092\\u4fee\\u6b63\\u3057\\u307e\\u3059\\u3002","4":""}', '2013-03-13 14:22:15', '2013-03-13 14:22:13', 1),
(66, 1, '{"later-time":"","time1":"10:15","time2":"21:00","1":"TOPUP CARD\\u3092\\u7ba1\\u7406\\u3059\\u308b\\u6a5f\\u80fd\\u306b\\u30d0\\u30b0\\u3092\\u4fee\\u6b63\\u3057\\u307e\\u3059\\u3002","2":"","3":"\\u30d7\\u30ec\\u30bc\\u30f3\\u30c8\\u3092\\u7ba1\\u7406\\u3059\\u308b\\u6a5f\\u80fd\\u306b\\u30d0\\u30b0\\u3092\\u4fee\\u6b63\\u3057\\u307e\\u3059\\u3002","4":""}', '2013-03-13 20:59:53', '2013-03-13 20:59:51', 1),
(67, 1, '{"later-time":"","time1":"10:15","time2":"21:00","1":"TOPUP CARD\\u3092\\u7ba1\\u7406\\u3059\\u308b\\u6a5f\\u80fd\\u306b\\u30d0\\u30b0\\u3092\\u4fee\\u6b63\\u3057\\u307e\\u3059\\u3002","2":"","3":"\\u30d7\\u30ec\\u30bc\\u30f3\\u30c8\\u3092\\u7ba1\\u7406\\u3059\\u308b\\u6a5f\\u80fd\\u306b\\u30d0\\u30b0\\u3092\\u4fee\\u6b63\\u3057\\u307e\\u3059\\u3002","4":""}', NULL, '2013-03-13 21:00:18', 0),
(68, 2, '{"later-time":"","time1":"10:30","time2":"20:00","1":"","2":"\\u30b9\\u30b7\\u30d1\\u30cb\\u30c3\\u30afFacebook\\u3092\\u7d9a\\u3051\\u958b\\u767a\\u3057\\u307e\\u3057\\u305f\\u3002<br> \\r\\n\\u3002Facebook account test \\u3092\\u4f5c\\u3063\\u3066\\u3001\\u30b9\\u30b7\\u30d1\\u30cb\\u30c3\\u30afFacebook\\u3092\\u3082\\u3046\\u4e00\\u5ea6\\u30c6\\u30b9\\u30c8\\u3057\\u307e\\u3059\\u3002<br>\\r\\n\\u3002\\u65b0\\u898f\\u306a\\u30b2\\u30fc\\u30e0\\u3092\\u8003\\u3048\\u308b\\u3002<br>\\r\\n\\u3002GCG\\u306e\\u30df\\u30fc\\u30c6\\u30a3\\u30f3\\u30b0\\u3002<br>","3":""}', '2013-03-14 20:39:02', '2013-03-14 20:39:02', 1),
(69, 1, '{"later-time":"","time1":"10:30","time2":"20:00","1":"\\u30c6\\u30b9\\u30c8\\u30c7\\u30fc\\u30bf\\u3092\\u4f5c\\u308a\\u307e\\u3057\\u305f\\u3002<br>\\r\\n\\u5831\\u544a\\u4f1a\\u306e\\u8cc7\\u6599\\u3092\\u4f5c\\u308a\\u307e\\u3057\\u305f\\u3002","2":"","3":"\\u30c6\\u30b9\\u30c8\\u3057\\u307e\\u3059\\u3002","4":""}', '2013-03-14 23:50:47', '2013-03-14 23:50:43', 1),
(70, 2, '{"later-time":"","time1":"10:30","time2":"21:55","1":"","2":"\\u30b9\\u30b7\\u30d1\\u30cb\\u30c3\\u30afFacebook\\u3092\\u7d9a\\u3051\\u958b\\u767a\\u3057\\u307e\\u3057\\u305f\\u3002<br> \\r\\n\\u3002Facebook account test \\u3092\\u4f5c\\u3063\\u3066\\u3001\\u30b9\\u30b7\\u30d1\\u30cb\\u30c3\\u30afFacebook\\u3092\\u3082\\u3046\\u4e00\\u5ea6\\u30c6\\u30b9\\u30c8\\u3057\\u307e\\u3059\\u3002<br>\\r\\n\\u3002Debug\\u3092\\u5b9f\\u884c\\u3057\\u3066\\u3044\\u307e\\u3057\\u305f\\u3002<br>\\r\\n\\u3002Push Notification\\u3068Friend Invite\\u3092\\u3082\\u3046\\u4e00\\u5ea6\\u30c1\\u30a7\\u30c3\\u30af\\u3057\\u307e\\u3057\\u305f\\u3002<br>\\r\\n\\u3002\\u30d7\\u30ec\\u30bc\\u30f3\\u30c8Event\\u3092\\u958b\\u767a\\u3057\\u307e\\u3057\\u305f\\u3002","3":""}', '2013-03-15 21:57:17', '2013-03-15 21:57:14', 1),
(71, 2, '{"later-time":" 21:00","time1":"10:30","time2":"20:30","1":"","2":"\\u30b9\\u30b7\\u30d1\\u30cb\\u30c3\\u30afFacebook\\u3092\\u7d9a\\u3051\\u958b\\u767a\\u3057\\u307e\\u3057\\u305f\\u3002<br> \\r\\n\\u3002Facebook Debug\\u3092\\u5b9f\\u884c\\u3057\\u3066\\u3044\\u307e\\u3057\\u305f\\u3002<br>\\r\\n\\u3002\\u62db\\u5f85\\u3067\\u304d\\u305f\\u53cb\\u9054\\u3092\\u8868\\u793a\\u306e\\u30dd\\u30c3\\u30d7\\u30a2\\u30c3\\u30d7\\u3092\\u958b\\u767a\\u3057\\u307e\\u3057\\u305f\\u3002<br>\\r\\n\\u3002Google Analytics\\u306b\\u95a2\\u3057\\u3066\\u30d9\\u30c8\\u30ca\\u30e0\\u306e\\u30e1\\u30f3\\u30d0\\u30fc\\u3092\\u52a9\\u3051\\u307e\\u3057\\u305f\\u3002<br>\\r\\n\\u3002\\u7d50\\u5408\\u30c6\\u30b9\\u30c8\\u3092\\u5b9f\\u884c\\u3057\\u307e\\u3057\\u305f\\u3002","3":""}', '2013-03-18 21:00:00', '2013-03-18 20:15:18', 3),
(72, 2, '{"later-time":"","time1":"10:30","time2":"20:30","1":"","2":"\\u30b9\\u30b7\\u30d1\\u30cb\\u30c3\\u30afFacebook\\u3092\\u7d9a\\u3051\\u958b\\u767a\\u3057\\u307e\\u3057\\u305f\\u3002<br> \\r\\n\\u3002Facebook Debug\\u3092\\u5b9f\\u884c\\u3057\\u3066\\u3044\\u307e\\u3057\\u305f\\u3002<br>\\r\\n\\u3002\\u62db\\u5f85\\u3067\\u304d\\u305f\\u53cb\\u9054\\u3092\\u8868\\u793a\\u306e\\u30dd\\u30c3\\u30d7\\u30a2\\u30c3\\u30d7\\u3092\\u958b\\u767a\\u3057\\u307e\\u3057\\u305f\\u3002<br>\\r\\n\\u3002Google Analytics\\u306b\\u95a2\\u3057\\u3066\\u30d9\\u30c8\\u30ca\\u30e0\\u306e\\u30e1\\u30f3\\u30d0\\u30fc\\u3092\\u52a9\\u3051\\u307e\\u3057\\u305f\\u3002<br>\\r\\n\\u3002\\u7d50\\u5408\\u30c6\\u30b9\\u30c8\\u3092\\u5b9f\\u884c\\u3057\\u307e\\u3057\\u305f\\u3002","3":""}', '2013-03-18 21:17:07', '2013-03-18 21:17:01', 1),
(73, 1, '{"later-time":"","time1":"10:30","time2":"21:15","1":"\\u30e6\\u30fc\\u30b6\\u30fc\\u3068\\u30ea\\u30af\\u30a8\\u30b9\\u30c8\\u3092\\u524a\\u9664\\u3059\\u308b\\u6a5f\\u80fd\\u3092\\u4fee\\u6b63\\u3057\\u307e\\u3059\\u3002<br>\\r\\nNotification\\u6a5f\\u80fd\\u3092\\u4fee\\u6b63\\u3057\\u307e\\u3057\\u305f\\u3002<br>","2":"","3":"ErrorHandler\\u3068Log\\u3092\\u4f5c\\u308a\\u307e\\u3059\\u3002","4":""}', '2013-03-18 21:18:49', '2013-03-18 21:18:47', 1),
(74, 1, '{"later-time":"","time1":"10:30","time2":"19:45","1":"ErrorHandler\\u3068Log\\u3092\\u4f5c\\u308a\\u307e\\u3059\\u3002","2":"","3":"","4":""}', NULL, '2013-03-20 23:59:57', 0),
(75, 1, '{"later-time":"","time1":"10:30","time2":"19:45","1":"ErrorHandler\\u3068Log\\u3092\\u4f5c\\u308a\\u307e\\u3059\\u3002","2":"","3":"","4":""}', NULL, '2013-03-21 01:15:00', 0),
(76, 1, '{"later-time":"","time1":"10:30","time2":"22:00","1":"Yii\\u306e\\u6280\\u8853\\u3092\\u5b66\\u3076 : Role Base Access Control, Behavior<br>\\r\\n\\u0000\\u30ea\\u30af\\u30a8\\u30b9\\u30c8\\u306e\\u4e00\\u89a7\\u306e\\u4e26\\u3073\\u65b9\\u3092\\u4fee\\u6b63\\u3059\\u308b\\u3002","2":"","3":"\\u7ba1\\u7406\\u8005\\u306e\\u753b\\u9762\\u3092\\u4fee\\u6b63\\u3059\\u308b\\u3002","4":""}', '2013-03-22 02:51:10', '2013-03-22 02:51:05', 1),
(77, 1, '{"later-time":"","time1":"10:30","time2":"22:00","1":"Yii\\u306e\\u6280\\u8853\\u3092\\u5b66\\u3076 : Role Base Access Control, Behavior<br>\\r\\n\\u0000\\u30ea\\u30af\\u30a8\\u30b9\\u30c8\\u306e\\u4e00\\u89a7\\u306e\\u4e26\\u3073\\u65b9\\u3092\\u4fee\\u6b63\\u3059\\u308b\\u3002","2":"","3":"\\u7ba1\\u7406\\u8005\\u306e\\u753b\\u9762\\u3092\\u4fee\\u6b63\\u3059\\u308b\\u3002","4":""}', NULL, '2013-03-22 10:31:47', 0),
(78, 1, '{"later-time":"","time1":"10:30","time2":"20:00","1":"datatables.net\\u306e\\u30e9\\u30a4\\u30d6\\u30e9\\u30ea\\u3092\\u8abf\\u3079\\u307e\\u3057\\u305f\\u3002<br>\\r\\n\\u7ba1\\u7406\\u8005\\u306e\\u753b\\u9762\\u3092\\u4fee\\u6b63\\u3057\\u3066\\u3044\\u307e\\u3059\\u3002<br>\\r\\nPHPUnit\\u3092\\u8abf\\u3079\\u307e\\u3059\\u3002<br>","2":"","3":"PHPUnit\\u3092\\u4f7f\\u3063\\u3066Unit\\u30c6\\u30b9\\u30c8\\u3092\\u5b9f\\u88c5\\u3057\\u307e\\u3059\\u3002","4":"\\u307f\\u306a\\u3055\\u3093\\u3001GotchaWarrior\\u306e\\u30c1\\u30fc\\u30e0\\u304c\\u5f37\\u304f\\u306a\\u308a\\u307e\\u3057\\u305f\\u304b\\u3002"}', '2013-03-25 19:52:26', '2013-03-25 19:52:22', 1),
(79, 1, '{"later-time":"","time1":"10:30","time2":"20:00","1":"datatables.net\\u306e\\u30e9\\u30a4\\u30d6\\u30e9\\u30ea\\u3092\\u8abf\\u3079\\u307e\\u3057\\u305f\\u3002<br>\\r\\n\\u7ba1\\u7406\\u8005\\u306e\\u753b\\u9762\\u3092\\u4fee\\u6b63\\u3057\\u3066\\u3044\\u307e\\u3059\\u3002<br>\\r\\nPHPUnit\\u3092\\u8abf\\u3079\\u307e\\u3059\\u3002<br>","2":"","3":"PHPUnit\\u3092\\u4f7f\\u3063\\u3066Unit\\u30c6\\u30b9\\u30c8\\u3092\\u5b9f\\u88c5\\u3057\\u307e\\u3059\\u3002","4":"\\u307f\\u306a\\u3055\\u3093\\u3001GotchaWarrior\\u306e\\u30c1\\u30fc\\u30e0\\u304c\\u5f37\\u304f\\u306a\\u308a\\u307e\\u3057\\u305f\\u304b\\u3002"}', NULL, '2013-03-25 19:52:27', 0),
(80, 2, '{"later-time":"","time1":"10:30","time2":"22:30","1":"","2":"FSRPG-moke\\u30b2\\u30fc\\u30e0\\u3092\\u958b\\u767a\\u3057\\u307e\\u3059\\u3002<br> \\r\\n\\u3002Box2D\\u3092\\u4f7f\\u3063\\u3066\\u30ad\\u30e3\\u30e9\\u30af\\u30bf\\u30fc\\u306e\\u79fb\\u52d5\\u3067\\u304d\\u307e\\u3057\\u305f\\u3002<br>\\r\\n\\u3002\\u30ad\\u30e3\\u30e9\\u30af\\u30bf\\u30fc\\u306e\\u529b\\u3092\\u6574\\u7406\\u3067\\u304d\\u307e\\u3057\\u305f\\u3002<br>\\r\\n\\u3002\\u30ad\\u30e3\\u30e9\\u30af\\u30bf\\u30fc\\u3068\\u6575\\u306e\\u30d6\\u30e9\\u30c3\\u30c9\\u3092\\u6dfb\\u4ed8\\u3057\\u307e\\u3057\\u305f\\u3002","3":"\\u30ad\\u30e3\\u30e9\\u30af\\u30bf\\u30fc\\u3068\\u6575\\u306e\\u30b3\\u30ea\\u30b8\\u30e7\\u30f3\\u3092\\u78ba\\u5b9a\\u3057\\u3066\\u3044\\u307e\\u3059\\u3002<br>\\r\\n\\u885d\\u7a81\\u3057\\u305f\\u3089\\u3001\\u30ad\\u30e3\\u30e9\\u30af\\u30bf\\u30fc\\u3068\\u6575\\u306e\\u30d6\\u30e9\\u30c3\\u30c9\\u3092\\u73fe\\u50cf\\u3057\\u3066\\u3044\\u307e\\u3059\\u3002"}', '2013-03-26 10:25:37', '2013-03-26 10:25:36', 1),
(81, 1, '{"later-time":"","time1":"10:30","time2":"20:45","1":"datatables.net\\u306e\\u30e9\\u30a4\\u30d6\\u30e9\\u30ea\\u3092\\u4f7f\\u3063\\u3066\\u7ba1\\u7406\\u8005\\u306e\\u753b\\u9762\\u306b\\u4e26\\u3073\\u65b9\\u3092\\u4fee\\u6b63\\u3057\\u307e\\u3057\\u305f\\u3002","2":"","3":"PHPUnit\\u3092\\u4f7f\\u3063\\u3066Unit\\u30c6\\u30b9\\u30c8\\u3092\\u5b9f\\u88c5\\u3057\\u307e\\u3059\\u3002","4":""}', '2013-03-27 01:33:08', '2013-03-27 01:33:07', 1),
(82, 2, '{"later-time":"","time1":"10:30","time2":"21:30","1":"","2":"FSRPG-moke\\u30b2\\u30fc\\u30e0\\u3092\\u958b\\u767a\\u3057\\u307e\\u3059\\u3002<br> \\r\\n\\u3002Box2D\\u3092\\u4f7f\\u3063\\u3066\\u30ad\\u30e3\\u30e9\\u30af\\u30bf\\u30fc\\u306e\\u79fb\\u52d5\\u3067\\u304d\\u307e\\u3057\\u305f\\u3002<br>\\r\\n\\u3002\\u30ad\\u30e3\\u30e9\\u30af\\u30bf\\u30fc\\u306e\\u529b\\u3092\\u6574\\u7406\\u3067\\u304d\\u307e\\u3057\\u305f\\u3002<br>\\r\\n\\u3002\\u30ad\\u30e3\\u30e9\\u30af\\u30bf\\u30fc\\u3068\\u6575\\u306e\\u30d6\\u30e9\\u30c3\\u30c9\\u3092\\u6dfb\\u4ed8\\u3057\\u307e\\u3057\\u305f\\u3002","3":"\\u30ad\\u30e3\\u30e9\\u30af\\u30bf\\u30fc\\u3068\\u6575\\u306e\\u30b3\\u30ea\\u30b8\\u30e7\\u30f3\\u3092\\u78ba\\u5b9a\\u3057\\u3066\\u3044\\u307e\\u3059\\u3002<br>\\r\\n\\u885d\\u7a81\\u3057\\u305f\\u3089\\u3001\\u30ad\\u30e3\\u30e9\\u30af\\u30bf\\u30fc\\u3068\\u6575\\u306e\\u30d6\\u30e9\\u30c3\\u30c9\\u3092\\u73fe\\u50cf\\u3057\\u3066\\u3044\\u307e\\u3059\\u3002"}', '2013-03-27 21:28:10', '2013-03-27 21:28:06', 1),
(83, 1, '{"later-time":"","time1":"10:30","time2":"20:00","1":"PHPUnit\\u3092\\u4f7f\\u3063\\u3066Unit\\u30c6\\u30b9\\u30c8\\u3092\\u5b9f\\u88c5\\u3057\\u3066\\u3044\\u307e\\u3059\\u3002","2":"","3":"PHPUnit\\u3092\\u4f7f\\u3063\\u3066Unit\\u30c6\\u30b9\\u30c8\\u3092\\u5b9f\\u88c5\\u3057\\u307e\\u3059\\u3002","4":""}', '2013-03-27 23:40:02', '2013-03-27 23:40:00', 1),
(84, 1, '{"later-time":"","time1":"10:30","time2":"20:00","1":"PHPUnit\\u3092\\u4f7f\\u3063\\u3066Unit\\u30c6\\u30b9\\u30c8\\u3092\\u5b9f\\u88c5\\u3057\\u3066\\u3044\\u307e\\u3059\\u3002","2":"","3":"PHPUnit\\u3092\\u4f7f\\u3063\\u3066Unit\\u30c6\\u30b9\\u30c8\\u3092\\u5b9f\\u88c5\\u3057\\u307e\\u3059\\u3002","4":""}', NULL, '2013-03-27 23:45:00', 0),
(85, 1, '{"later-time":"","time1":"10:30","time2":"20:00","1":"PHPUnit\\u3092\\u4f7f\\u3063\\u3066Unit\\u30c6\\u30b9\\u30c8\\u3092\\u5b9f\\u88c5\\u3057\\u3066\\u3044\\u307e\\u3059\\u3002<br>\\r\\n\\u5831\\u544a\\u4f1a\\u306e\\u8cc7\\u6599\\u3092\\u6e96\\u5099\\u3057\\u307e\\u3057\\u305f\\u3002<br>\\r\\nSEAGATE\\u306e\\u7ba1\\u7406\\u3059\\u308b\\u6a5f\\u80fd\\u3092\\u8003\\u3048\\u307e\\u3059<br>\\r\\n","2":"","3":"SEAGATE\\u306e\\u7ba1\\u7406\\u3059\\u308b\\u6a5f\\u80fd\\u3092\\u5b9f\\u88c5\\u3057\\u307e\\u3059\\u3002","4":""}', '2013-03-29 10:31:56', '2013-03-29 10:31:55', 1);
INSERT INTO `mails` (`id`, `user_id`, `content`, `send_time`, `save_time`, `status`) VALUES
(86, 2, '{"later-time":"","time1":"10:30","time2":"21:30","1":"","2":"FSRPG-moke\\u30b2\\u30fc\\u30e0\\u3092\\u958b\\u767a\\u3057\\u307e\\u3059\\u3002<br> \\r\\n\\u3002Box2D\\u3092\\u4f7f\\u3063\\u3066\\u30ad\\u30e3\\u30e9\\u30af\\u30bf\\u30fc\\u306e\\u79fb\\u52d5\\u3067\\u304d\\u307e\\u3057\\u305f\\u3002<br>\\r\\n\\u3002\\u30ad\\u30e3\\u30e9\\u30af\\u30bf\\u30fc\\u306e\\u529b\\u3092\\u6574\\u7406\\u3067\\u304d\\u307e\\u3057\\u305f\\u3002<br>\\r\\n\\u3002\\u30ad\\u30e3\\u30e9\\u30af\\u30bf\\u30fc\\u3068\\u6575\\u306e\\u30d6\\u30e9\\u30c3\\u30c9\\u3092\\u6dfb\\u4ed8\\u3057\\u307e\\u3057\\u305f\\u3002","3":"\\u30ad\\u30e3\\u30e9\\u30af\\u30bf\\u30fc\\u3068\\u6575\\u306e\\u30b3\\u30ea\\u30b8\\u30e7\\u30f3\\u3092\\u78ba\\u5b9a\\u3057\\u3066\\u3044\\u307e\\u3059\\u3002<br>\\r\\n\\u885d\\u7a81\\u3057\\u305f\\u3089\\u3001\\u30ad\\u30e3\\u30e9\\u30af\\u30bf\\u30fc\\u3068\\u6575\\u306e\\u30d6\\u30e9\\u30c3\\u30c9\\u3092\\u73fe\\u50cf\\u3057\\u3066\\u3044\\u307e\\u3059\\u3002"}', '2013-03-29 22:00:27', '2013-03-29 22:00:26', 1),
(87, 1, '{"later-time":"","time1":"10:30","time2":"20:45","1":"SEAGATE\\u306e\\u7ba1\\u7406\\u3059\\u308b\\u753b\\u9762\\u3092\\u4f5c\\u3063\\u3066\\u3044\\u307e\\u3059<br>\\r\\n- Login\\u6628\\u65e5\\u3092\\u5b9f\\u88c5\\u3057\\u307e\\u3057\\u305f\\u3002\\r\\n- \\u30e6\\u30fc\\u30b6\\u30fc\\u4e00\\u89a7\\u3092\\u5b9f\\u88c5\\u3057\\u3066\\u3044\\u307e\\u3059\\u3002","2":"","3":"SEAGATE\\u306e\\u7ba1\\u7406\\u3059\\u308b\\u6a5f\\u80fd\\u3092\\u5b9f\\u88c5\\u3057\\u307e\\u3059\\u3002\\r\\n- \\u30e6\\u30fc\\u30b6\\u30fc\\u3092\\u7ba1\\u7406\\u3059\\u308b\\u753b\\u9762\\u3092\\u4f5c\\u308a\\u307e\\u3059\\u3002","4":""}', '2013-04-02 10:37:14', '2013-04-02 10:37:13', 1),
(88, 1, '{"later-time":"","time1":"10:30","time2":"20:00","1":"SEAGATE\\u306e\\u7ba1\\u7406\\u3059\\u308b\\u753b\\u9762\\u3092\\u4f5c\\u3063\\u3066\\u3044\\u307e\\u3059<br>\\r\\n- \\u30e6\\u30fc\\u30b6\\u30fc\\u4e00\\u89a7\\u3092\\u5b9f\\u88c5\\u3057\\u3066\\u3044\\u307e\\u3059\\u3002","2":"","3":"SEAGATE\\u306e\\u7ba1\\u7406\\u3059\\u308b\\u6a5f\\u80fd\\u3092\\u5b9f\\u88c5\\u3057\\u307e\\u3059\\u3002\\r\\n- \\u30e6\\u30fc\\u30b6\\u30fc\\u3092\\u7ba1\\u7406\\u3059\\u308b\\u753b\\u9762\\u3092\\u4f5c\\u308a\\u307e\\u3059\\u3002","4":""}', '2013-04-03 04:54:11', '2013-04-03 04:54:07', 1),
(89, 1, '{"later-time":"","time1":"11:15","time2":"20:00","1":"SEAGATE\\u306e\\u7ba1\\u7406\\u3059\\u308b\\u753b\\u9762\\u3092\\u4f5c\\u3063\\u3066\\u3044\\u307e\\u3059<br>\\r\\n\\u30e6\\u30fc\\u30b6\\u30fc\\u3054\\u3068\\u306b\\u3000\\uff1a\\u3000<br>\\r\\n\\u5177\\u4f53\\u7684\\u306a\\u60c5\\u5831\\u3092\\u8868\\u793a\\u3059\\u308b\\u3002<br>\\r\\n\\u30e1\\u30fc\\u30eb\\u3092\\u30c1\\u30a7\\u30f3\\u30b8\\u3059\\u308b\\u3002<br>\\r\\n\\u30b3\\u30e1\\u30f3\\u30c8\\u3059\\u308b\\u6628\\u65e5\\u3092\\u5b9f\\u88c5\\u3057\\u307e\\u3057\\u305f\\u3002<br>\\r\\n\\u8cfc\\u5165\\u3057\\u305f\\u30a2\\u30d7\\u30ea\\u3092\\u8868\\u793a\\u3059\\u308b\\u3002<br>\\r\\n\\u767b\\u9332\\u3057\\u305f\\u30a2\\u30d7\\u30ea\\u3092\\u8868\\u793a\\u3059\\u308b\\u3002<br>\\r\\n","2":"","3":"SEAGATE\\u306e\\u7ba1\\u7406\\u3059\\u308b\\u6a5f\\u80fd\\u3092\\u5b9f\\u88c5\\u3057\\u307e\\u3059\\u3002\\r\\n- \\u30e6\\u30fc\\u30b6\\u30fc\\u3092\\u7ba1\\u7406\\u3059\\u308b\\u753b\\u9762\\u3092\\u4f5c\\u308a\\u307e\\u3059\\u3002","4":""}', '2013-04-04 00:54:38', '2013-04-04 00:54:37', 1),
(90, 1, '{"later-time":"","time1":"10:30","time2":"23:00","1":"SEAGATE\\u306e\\u7ba1\\u7406\\u3059\\u308b\\u753b\\u9762\\u3092\\u4f5c\\u3063\\u3066\\u3044\\u307e\\u3059<br>\\r\\n\\u5404\\u6a5f\\u80fd\\u3092\\u7d44\\u307f\\u5408\\u308f\\u305b\\u305f\\u3002<br>\\r\\n\\u65e5\\u672c\\u8a9e\\u30af\\u30e9\\u30b9\\u306b\\u53c2\\u52a0\\u3057\\u305f\\u3002<br>\\r\\n","2":"","3":"SEAGATE\\u306e\\u7ba1\\u7406\\u3059\\u308b\\u6a5f\\u80fd\\u3092\\u5b9f\\u88c5\\u3057\\u307e\\u3059\\u3002\\r\\n","4":""}', '2013-04-05 09:48:00', '2013-04-05 09:47:57', 1),
(91, 2, '{"later-time":"","time1":"10:30","time2":"20:45","1":"","2":"FSRPG-moke\\u30b2\\u30fc\\u30e0\\u3092\\u958b\\u767a\\u3057\\u307e\\u3059\\u3002<br> \\r\\n\\u3002Action Comand\\u306e\\u30a8\\u30d5\\u30a7\\u30af\\u30c8\\u3092\\u958b\\u767a\\u3059\\u308b\\u3002<br>\\r\\n\\u3002\\u753b\\u9762\\u306e\\u53f3\\u306b\\u9806\\u756a\\u306e\\u30e1\\u30cb\\u30e5\\u30fc\\u306e\\u30b5\\u30a4\\u30ba\\u3092\\u5927\\u304d\\u304f\\u3057\\u307e\\u3057\\u305f\\u3002<br>","3":"\\u77e2\\u5370\\u306e\\u30a2\\u30cb\\u30e1\\u30fc\\u30b7\\u30e7\\u30f3\\u3092\\u6539\\u5584\\u3059\\u308b\\u3002<br>\\r\\n"}', '2013-04-05 20:38:58', '2013-04-05 20:38:56', 1),
(92, 1, '{"later-time":"","time1":"10:00","time2":"20:00","1":"SEAGATE\\u306e\\u30c7\\u30b6\\u30a4\\u30f3\\u304b\\u3089HTML\\u3092\\u4f5c\\u308a\\u307e\\u3059\\u3002","2":"","3":"SEAGATE\\u306e\\u30c7\\u30b6\\u30a4\\u30f3\\u304b\\u3089HTML\\u3092\\u4f5c\\u308a\\u307e\\u3059\\u3002","4":""}', '2013-04-09 10:29:12', '2013-04-09 10:29:10', 1),
(93, 1, '{"later-time":"","time1":"11:30","time2":"20:15","1":"SEAGATE\\u306e\\u30c7\\u30b6\\u30a4\\u30f3\\u304b\\u3089HTML\\u3092\\u4f5c\\u308a\\u307e\\u3059\\u3002","2":"","3":"SEAGATE\\u306e\\u30c7\\u30b6\\u30a4\\u30f3\\u304b\\u3089HTML\\u3092\\u4f5c\\u308a\\u307e\\u3059\\u3002","4":""}', '2013-04-09 20:16:13', '2013-04-09 20:16:08', 1),
(94, 1, '{"later-time":"","time1":"11:30","time2":"20:15","1":"SEAGATE\\u306e\\u30c7\\u30b6\\u30a4\\u30f3\\u304b\\u3089HTML\\u3092\\u4f5c\\u308a\\u307e\\u3059\\u3002","2":"","3":"SEAGATE\\u306e\\u30c7\\u30b6\\u30a4\\u30f3\\u304b\\u3089HTML\\u3092\\u4f5c\\u308a\\u307e\\u3059\\u3002","4":""}', NULL, '2013-04-09 20:16:30', 0),
(95, 2, '{"later-time":"","time1":"10:30","time2":"23:45","1":"","2":"FSRPG-moke\\u30b2\\u30fc\\u30e0\\u3092\\u958b\\u767a\\u3057\\u307e\\u3059\\u3002<br> \\r\\n\\u3002Action Comand\\u306e\\u30a8\\u30d5\\u30a7\\u30af\\u30c8\\u3092\\u958b\\u767a\\u3059\\u308b\\u3002<br>\\r\\n\\u3002\\u753b\\u9762\\u306e\\u53f3\\u306b\\u9806\\u756a\\u306e\\u30e1\\u30cb\\u30e5\\u30fc\\u306e\\u30b5\\u30a4\\u30ba\\u3092\\u5927\\u304d\\u304f\\u3057\\u307e\\u3057\\u305f\\u3002<br>","3":"\\u77e2\\u5370\\u306e\\u30a2\\u30cb\\u30e1\\u30fc\\u30b7\\u30e7\\u30f3\\u3092\\u6539\\u5584\\u3059\\u308b\\u3002<br>\\r\\n"}', NULL, '2013-04-10 23:59:59', 0),
(96, 2, '{"later-time":"","time1":"10:30","time2":"00:00","1":"","2":"FSRPG-moke\\u30b2\\u30fc\\u30e0\\u3092\\u958b\\u767a\\u3057\\u307e\\u3059\\u3002<br> \\r\\n\\u3002Arrow \\u3092\\u958b\\u767a\\u3057\\u307e\\u3057\\u305f\\u3002<br>\\r\\n\\u3002\\u4e38\\u7cfb\\u3092\\u958b\\u767a\\u3057\\u307e\\u3057\\u305f\\u3002<br>\\r\\n","3":"\\r\\n"}', '2013-04-11 00:33:43', '2013-04-11 00:33:40', 1),
(97, 2, '{"later-time":"","time1":"10:30","time2":"23:00","1":"","2":"FSRPG-moke\\u30b2\\u30fc\\u30e0\\u3092\\u958b\\u767a\\u3057\\u307e\\u3059\\u3002<br> \\r\\n\\u3002Arrow \\u3092\\u958b\\u767a\\u3057\\u307e\\u3057\\u305f\\u3002<br>\\r\\n\\u3002\\u4e38\\u7cfb\\u3092\\u958b\\u767a\\u3057\\u307e\\u3057\\u305f\\u3002<br>\\r\\n","3":"\\r\\n"}', '2013-04-11 22:44:17', '2013-04-11 22:44:14', 1),
(98, 1, '{"later-time":"","time1":"11:30","time2":"20:30","1":"SEAGATE\\u306e\\u30c7\\u30b6\\u30a4\\u30f3\\u304b\\u3089HTML\\u3092\\u4f5c\\u308a\\u307e\\u3059\\u3002","2":"","3":"SEAGATE\\u306e\\u30c7\\u30b6\\u30a4\\u30f3\\u304b\\u3089HTML\\u3092\\u4f5c\\u308a\\u307e\\u3059\\u3002","4":""}', '2013-04-11 03:22:42', '2013-04-11 03:22:41', 1),
(99, 2, '{"later-time":"","time1":"10:30","time2":"23:00","1":"","2":"FSRPG-moke\\u30b2\\u30fc\\u30e0\\u3092\\u958b\\u767a\\u3057\\u307e\\u3059\\u3002<br> \\r\\n\\u3002Arrow \\u3092\\u958b\\u767a\\u3057\\u307e\\u3057\\u305f\\u3002<br>\\r\\n\\u3002\\u4e38\\u7cfb\\u3092\\u958b\\u767a\\u3057\\u307e\\u3057\\u305f\\u3002<br>\\r\\n","3":"\\r\\n"}', NULL, '2013-04-11 22:44:24', 0),
(100, 1, '{"later-time":"","time1":"11:30","time2":"20:30","1":"SEAGATE\\u306e\\u30c7\\u30b6\\u30a4\\u30f3\\u304b\\u3089HTML\\u3092\\u4f5c\\u308a\\u307e\\u3059\\u3002","2":"","3":"SEAGATE\\u306e\\u30c7\\u30b6\\u30a4\\u30f3\\u304b\\u3089HTML\\u3092\\u4f5c\\u308a\\u307e\\u3059\\u3002","4":""}', '2013-04-12 02:24:44', '2013-04-12 02:24:40', 1),
(101, 1, '{"later-time":"","time1":"11:30","time2":"20:30","1":"SEAGATE\\u306e\\u30c7\\u30b6\\u30a4\\u30f3\\u304b\\u3089HTML\\u3092\\u4f5c\\u308a\\u307e\\u3059\\u3002","2":"","3":"SEAGATE\\u306e\\u30c7\\u30b6\\u30a4\\u30f3\\u304b\\u3089HTML\\u3092\\u4f5c\\u308a\\u307e\\u3059\\u3002","4":""}', '2013-04-12 20:25:47', '2013-04-12 20:25:45', 1),
(102, 1, '{"later-time":"","time1":"11:30","time2":"20:30","1":"SEAGATE\\u306e\\u30c7\\u30b6\\u30a4\\u30f3\\u304b\\u3089HTML\\u3092\\u4f5c\\u308a\\u307e\\u3059\\u3002","2":"","3":"SEAGATE\\u306e\\u30c7\\u30b6\\u30a4\\u30f3\\u304b\\u3089HTML\\u3092\\u4f5c\\u308a\\u307e\\u3059\\u3002","4":""}', NULL, '2013-04-12 20:26:37', 0),
(103, 2, '{"later-time":"","time1":"10:30","time2":"23:00","1":"","2":"FSRPG-moke\\u30b2\\u30fc\\u30e0\\u3092\\u958b\\u767a\\u3057\\u307e\\u3059\\u3002<br> \\r\\n\\u3002cocos2d-htm5\\u3092\\u7814\\u7a76\\u3057\\u307e\\u3057\\u305f\\u3002<br>\\r\\n\\u3002\\u30b5\\u30f3\\u30d7\\u30eb\\u30d7\\u30ed\\u30b8\\u30a7\\u30af\\u30c8\\u3092\\u53c2\\u8003\\u3057\\u3066\\u3001JS\\u30d5\\u30e3\\u30a4\\u30eb\\u306e\\u69cb\\u7bc9\\u3092\\u7814\\u7a76\\u3057\\u307e\\u3057\\u305f\\u3002<br>\\r\\n\\r\\n","3":"\\u30b5\\u30f3\\u30d7\\u30eb\\u30d7\\u30ed\\u30b8\\u30a7\\u30af\\u30c8\\u3092\\u7814\\u7a76\\u3057\\u3066\\u3001\\u81ea\\u5206\\u3067\\u7c21\\u5358\\u306a\\u30d7\\u30ed\\u30b8\\u30a7\\u30af\\u30c8\\u3092\\u306f\\u3058\\u3081\\u3066\\u958b\\u767a\\u3057\\u3066\\u3044\\u307e\\u3059\\u3002\\r\\n"}', '2013-04-15 19:54:17', '2013-04-15 19:54:16', 1),
(104, 1, '{"later-time":"","time1":"11:30","time2":"20:00","1":"SEAGATE\\u306e\\u30c7\\u30b6\\u30a4\\u30f3\\u304b\\u3089HTML\\u3092\\u4f5c\\u308a\\u307e\\u3059\\u3002","2":"","3":"SEAGATE\\u306e\\u30c7\\u30b6\\u30a4\\u30f3\\u304b\\u3089HTML\\u3092\\u4f5c\\u308a\\u307e\\u3059\\u3002","4":""}', '2013-04-15 19:52:31', '2013-04-15 19:52:30', 1),
(105, 2, '{"later-time":"","time1":"10:30","time2":"20:00","1":"","2":"\\u79c1\\u306f\\u4eca\\u65e5\\u306e\\u4ed5\\u4e8b\\u306f\\u30de\\u30c3\\u30d7\\u3092\\u4f5c\\u308b\\u3068\\u3044\\u3046TileMap(.tmx\\u30d5\\u30e3\\u30a4\\u30eb)\\u3092\\u7814\\u7a76\\u3057\\u3066\\u3044\\u307e\\u3059\\u3002<br>\\r\\n\\u53c8\\u306f\\u3001cocos2d-html5\\u306e\\u30a2\\u30cb\\u30e1\\u30fc\\u30b7\\u30e7\\u30f3\\u3092\\u4f5c\\u308b\\u3068\\u3044\\u3046.plist\\u30d5\\u30e3\\u30a4\\u30eb\\u3092\\u4f5c\\u6210\\u3057\\u3066\\u3001\\u30b5\\u30f3\\u30d7\\u30eb\\u30b2\\u30fc\\u30e0\\u3092\\u5c0e\\u5165\\u3057\\u3066\\u3044\\u307e\\u3059\\u3002<br>\\r\\n.plist\\u30d5\\u30e3\\u30a4\\u30eb\\u3092\\u4f5c\\u308a\\u30c4\\u30fc\\u30eb\\u3092\\u63a2\\u3057\\u3066\\u3044\\u307e\\u3059\\u3002\\r\\n","3":"\\u30b5\\u30f3\\u30d7\\u30eb\\u30d7\\u30ed\\u30b8\\u30a7\\u30af\\u30c8\\u3092\\u7814\\u7a76\\u3057\\u3066\\u3001\\u81ea\\u5206\\u3067\\u7c21\\u5358\\u306a\\u30d7\\u30ed\\u30b8\\u30a7\\u30af\\u30c8\\u3092\\u306f\\u3058\\u3081\\u3066\\u958b\\u767a\\u3057\\u3066\\u3044\\u307e\\u3059\\u3002\\r\\n"}', '2013-04-17 19:55:43', '2013-04-17 19:55:41', 1),
(106, 1, '{"later-time":"","time1":"11:30","time2":"20:00","1":"SEAGATE\\u306e\\u30c7\\u30b6\\u30a4\\u30f3\\u304b\\u3089HTML\\u3092\\u4f5c\\u308a\\u307e\\u3059\\u3002<br>\\r\\n\\r\\nKPI\\u3092\\u8a08\\u7b97\\u3059\\u308b<br>\\r\\n* \\u7d99\\u7d9a\\u7387<br>\\r\\n* \\u76f4\\u5e30\\u7387<br>\\r\\n\\u30d1\\u30d5\\u30a9\\u30fc\\u30de\\u30f3\\u30b9\\u3092\\u9ad8\\u3081\\u308b\\u305f\\u3081\\u306b\\u30a2\\u30eb\\u30b4\\u30ea\\u30ba\\u30e0\\u3092\\u8003\\u3048\\u307e\\u3057\\u305f\\u3002<br>\\r\\n","2":"","3":"SEAGATE\\u306e\\u30c7\\u30b6\\u30a4\\u30f3\\u304b\\u3089HTML\\u3092\\u4f5c\\u308a\\u307e\\u3059\\u3002","4":""}', '2013-04-17 20:08:56', '2013-04-17 20:08:51', 1),
(107, 1, '{"later-time":"","time1":"11:30","time2":"20:00","1":"SEAGATE\\u306e\\u30c7\\u30b6\\u30a4\\u30f3\\u304b\\u3089HTML\\u3092\\u4f5c\\u308a\\u307e\\u3059\\u3002<br>\\r\\n\\r\\nKPI\\u3092\\u8a08\\u7b97\\u3059\\u308b<br>\\r\\n* \\u7d99\\u7d9a\\u7387<br>\\r\\n* \\u76f4\\u5e30\\u7387<br>\\r\\n\\u30d1\\u30d5\\u30a9\\u30fc\\u30de\\u30f3\\u30b9\\u3092\\u9ad8\\u3081\\u308b\\u305f\\u3081\\u306b\\u30a2\\u30eb\\u30b4\\u30ea\\u30ba\\u30e0\\u3092\\u8003\\u3048\\u307e\\u3057\\u305f\\u3002<br>\\r\\n","2":"","3":"SEAGATE\\u306e\\u30c7\\u30b6\\u30a4\\u30f3\\u304b\\u3089HTML\\u3092\\u4f5c\\u308a\\u307e\\u3059\\u3002","4":""}', NULL, '2013-04-17 20:08:56', 0),
(108, 1, '{"later-time":"","time1":"11:30","time2":"20:30","1":"SEAGATE\\u306e\\u30c7\\u30b6\\u30a4\\u30f3\\u304b\\u3089HTML\\u3092\\u4f5c\\u308a\\u307e\\u3059\\u3002<br>\\r\\n\\r\\nKPI\\u3092\\u8a08\\u7b97\\u3059\\u308b<br>\\r\\n* \\u7d99\\u7d9a\\u7387<br>\\r\\n* \\u76f4\\u5e30\\u7387<br>\\r\\n\\u30d1\\u30d5\\u30a9\\u30fc\\u30de\\u30f3\\u30b9\\u3092\\u9ad8\\u3081\\u308b\\u305f\\u3081\\u306b\\u30a2\\u30eb\\u30b4\\u30ea\\u30ba\\u30e0\\u3092\\u8003\\u3048\\u307e\\u3057\\u305f\\u3002<br>\\r\\n","2":"","3":"SEAGATE\\u306e\\u30c7\\u30b6\\u30a4\\u30f3\\u304b\\u3089HTML\\u3092\\u4f5c\\u308a\\u307e\\u3059\\u3002","4":"\\u300c\\u3066\\u308b\\u3066\\u308b\\u574a\\u4e3b\\u4f1a\\u8b70\\u300d\\u306e\\u8cc7\\u6599\\u3092\\u307e\\u3068\\u3081\\u308b\\u3002 <br>\\r\\n\\u30fc\\u3000\\u77f3\\u6839\\u3055\\u3093\\uff1a\\u6708\\u5831\\u306e\\u5c0e\\u5165<br>\\r\\n\\u30fc\\u3000\\u30b3\\u30a2\\u3055\\u3093 :  OOTVote\\u3068\\u3044\\u3046\\u30b7\\u30b9\\u30c6\\u30e0 <br>\\r\\n\\u30fc\\u3000 \\u6749\\u7530\\u3055\\u3093: \\u6280\\u8853\\u3066\\u304d\\u306a\\u77e5\\u8b58\\u3092\\u7d39\\u4ecb\\u3059\\u308b\\u3002<br>\\r\\n\\u9ad8\\u6a4b\\u3055\\u3093\\u306e\\u304a\\u304b\\u3052\\u3067\\u4ee5\\u4e0b\\u306e\\u8a18\\u4e8b\\u3092\\u77e5\\u308a\\u307e\\u3059\\u3002<br>\\r\\nhttp:\\/\\/ameblo.jp\\/jump--ei\\/entry-11513462568.html<br>\\r\\n\\r\\n\\r\\n\\r\\n "}', '2013-04-18 22:05:34', '2013-04-18 22:05:32', 1),
(109, 2, '{"later-time":"","time1":"10:30","time2":"23:00","1":"","2":"\\u3002 GW\\u30bd\\u30fc\\u30b9\\u30b3\\u30fc\\u30c9\\u3092Asset Server\\u304b\\u3089\\u30c0\\u30a6\\u30f3\\u30ed\\u30fc\\u30c9\\u3057\\u305f\\u3089\\u3001\\u521d\\u3081\\u3066\\u7406\\u89e3\\u3057\\u3066\\u3044\\u307e\\u3059\\u3002\\u76ee\\u6a19\\u306f\\u6765\\u9031\\u306e\\u6708\\u66dc\\u65e5\\u307e\\u3067\\u65b0\\u898f\\u306a\\u6a5f\\u80fd\\u3092\\u958b\\u767a\\u3059\\u308b\\u3053\\u3068\\u304c\\u3067\\u304d\\u308b\\u3002<br>\\r\\n\\u3002GW\\u306e\\u4e2d\\u306b\\u8ab2\\u984c\\u306b\\u3064\\u3044\\u3066\\u8003\\u3048\\u307e\\u3057\\u305f\\u3002\\r\\n\\u3002Android\\u306b\\u30c9\\u30ad\\u30e5\\u30e1\\u30f3\\u30c8\\u3092\\u8aad\\u3093\\u3067\\u3001AdMob\\u30d7\\u30e9\\u30b0\\u30a4\\u30f3\\u3092 \\u958b\\u767a\\u3057\\u307e\\u3057\\u305f\\u3002\\u3067\\u3082\\u3001\\u307e\\u3060\\u5b8c\\u6210\\u3067\\u304d\\u306a\\u3044\\u3002\\r\\n\\u3002\\u65e5\\u672c\\u8a9e\\u5b66\\u6821\\u306b\\u53c2\\u52a0\\u3057\\u307e\\u3057\\u305f\\u3002\\r\\n\\r\\n","3":"GW\\u30bd\\u30fc\\u30b9\\u30b3\\u30fc\\u30c9\\u3092\\u3064\\u3065\\u3051\\u7406\\u89e3\\u3057\\u3066\\u3044\\u307e\\u3059\\u3002\\r\\n\\u7406\\u89e3\\u3057\\u306a\\u304c\\u3089\\u3001\\u8ab2\\u984c\\u3092\\u8003\\u3048\\u3066\\u3044\\u307e\\u3059\\u3002\\r\\n"}', '2013-04-19 03:09:27', '2013-04-19 03:09:26', 1),
(110, 2, '{"later-time":"","time1":"10:30","time2":"23:00","1":"","2":"\\u3002 GW\\u30bd\\u30fc\\u30b9\\u30b3\\u30fc\\u30c9\\u3092Asset Server\\u304b\\u3089\\u30c0\\u30a6\\u30f3\\u30ed\\u30fc\\u30c9\\u3057\\u305f\\u3089\\u3001\\u521d\\u3081\\u3066\\u7406\\u89e3\\u3057\\u3066\\u3044\\u307e\\u3059\\u3002\\u76ee\\u6a19\\u306f\\u6765\\u9031\\u306e\\u6708\\u66dc\\u65e5\\u307e\\u3067\\u65b0\\u898f\\u306a\\u6a5f\\u80fd\\u3092\\u958b\\u767a\\u3059\\u308b\\u3053\\u3068\\u304c\\u3067\\u304d\\u308b\\u3002<br>\\r\\n\\u3002GW\\u306e\\u4e2d\\u306b\\u8ab2\\u984c\\u306b\\u3064\\u3044\\u3066\\u8003\\u3048\\u307e\\u3057\\u305f\\u3002\\r\\n\\u3002Android\\u306b\\u30c9\\u30ad\\u30e5\\u30e1\\u30f3\\u30c8\\u3092\\u8aad\\u3093\\u3067\\u3001AdMob\\u30d7\\u30e9\\u30b0\\u30a4\\u30f3\\u3092 \\u958b\\u767a\\u3057\\u307e\\u3057\\u305f\\u3002\\u3067\\u3082\\u3001\\u307e\\u3060\\u5b8c\\u6210\\u3067\\u304d\\u306a\\u3044\\u3002\\r\\n\\u3002\\u65e5\\u672c\\u8a9e\\u5b66\\u6821\\u306b\\u53c2\\u52a0\\u3057\\u307e\\u3057\\u305f\\u3002\\r\\n\\r\\n","3":"GW\\u30bd\\u30fc\\u30b9\\u30b3\\u30fc\\u30c9\\u3092\\u3064\\u3065\\u3051\\u7406\\u89e3\\u3057\\u3066\\u3044\\u307e\\u3059\\u3002\\r\\n\\u7406\\u89e3\\u3057\\u306a\\u304c\\u3089\\u3001\\u8ab2\\u984c\\u3092\\u8003\\u3048\\u3066\\u3044\\u307e\\u3059\\u3002\\r\\n"}', '2013-04-19 18:59:17', '2013-04-19 18:59:15', 1),
(111, 2, '{"later-time":"","time1":"10:30","time2":"23:00","1":"","2":"\\u3002 GW\\u30bd\\u30fc\\u30b9\\u30b3\\u30fc\\u30c9\\u3092Asset Server\\u304b\\u3089\\u30c0\\u30a6\\u30f3\\u30ed\\u30fc\\u30c9\\u3057\\u305f\\u3089\\u3001\\u521d\\u3081\\u3066\\u7406\\u89e3\\u3057\\u3066\\u3044\\u307e\\u3059\\u3002\\u76ee\\u6a19\\u306f\\u6765\\u9031\\u306e\\u6708\\u66dc\\u65e5\\u307e\\u3067\\u65b0\\u898f\\u306a\\u6a5f\\u80fd\\u3092\\u958b\\u767a\\u3059\\u308b\\u3053\\u3068\\u304c\\u3067\\u304d\\u308b\\u3002<br>\\r\\n\\u3002GW\\u306e\\u4e2d\\u306b\\u8ab2\\u984c\\u306b\\u3064\\u3044\\u3066\\u8003\\u3048\\u307e\\u3057\\u305f\\u3002\\r\\n\\u3002Android\\u306b\\u30c9\\u30ad\\u30e5\\u30e1\\u30f3\\u30c8\\u3092\\u8aad\\u3093\\u3067\\u3001AdMob\\u30d7\\u30e9\\u30b0\\u30a4\\u30f3\\u3092 \\u958b\\u767a\\u3057\\u307e\\u3057\\u305f\\u3002\\u3067\\u3082\\u3001\\u307e\\u3060\\u5b8c\\u6210\\u3067\\u304d\\u306a\\u3044\\u3002\\r\\n\\u3002\\u65e5\\u672c\\u8a9e\\u5b66\\u6821\\u306b\\u53c2\\u52a0\\u3057\\u307e\\u3057\\u305f\\u3002\\r\\n\\r\\n","3":"GW\\u30bd\\u30fc\\u30b9\\u30b3\\u30fc\\u30c9\\u3092\\u3064\\u3065\\u3051\\u7406\\u89e3\\u3057\\u3066\\u3044\\u307e\\u3059\\u3002\\r\\n\\u7406\\u89e3\\u3057\\u306a\\u304c\\u3089\\u3001\\u8ab2\\u984c\\u3092\\u8003\\u3048\\u3066\\u3044\\u307e\\u3059\\u3002\\r\\n"}', '2013-04-19 19:00:04', '2013-04-19 19:00:00', 1),
(112, 2, '{"later-time":"","time1":"10:30","time2":"23:00","1":"","2":"\\u3002 GW\\u30bd\\u30fc\\u30b9\\u30b3\\u30fc\\u30c9\\u3092Asset Server\\u304b\\u3089\\u30c0\\u30a6\\u30f3\\u30ed\\u30fc\\u30c9\\u3057\\u305f\\u3089\\u3001\\u521d\\u3081\\u3066\\u7406\\u89e3\\u3057\\u3066\\u3044\\u307e\\u3059\\u3002\\u76ee\\u6a19\\u306f\\u6765\\u9031\\u306e\\u6708\\u66dc\\u65e5\\u307e\\u3067\\u65b0\\u898f\\u306a\\u6a5f\\u80fd\\u3092\\u958b\\u767a\\u3059\\u308b\\u3053\\u3068\\u304c\\u3067\\u304d\\u308b\\u3002<br>\\r\\n\\u3002GW\\u306e\\u4e2d\\u306b\\u8ab2\\u984c\\u306b\\u3064\\u3044\\u3066\\u8003\\u3048\\u307e\\u3057\\u305f\\u3002\\r\\n\\u3002Android\\u306b\\u30c9\\u30ad\\u30e5\\u30e1\\u30f3\\u30c8\\u3092\\u8aad\\u3093\\u3067\\u3001AdMob\\u30d7\\u30e9\\u30b0\\u30a4\\u30f3\\u3092 \\u958b\\u767a\\u3057\\u307e\\u3057\\u305f\\u3002\\u3067\\u3082\\u3001\\u307e\\u3060\\u5b8c\\u6210\\u3067\\u304d\\u306a\\u3044\\u3002\\r\\n\\u3002\\u65e5\\u672c\\u8a9e\\u5b66\\u6821\\u306b\\u53c2\\u52a0\\u3057\\u307e\\u3057\\u305f\\u3002\\r\\n\\r\\n","3":"GW\\u30bd\\u30fc\\u30b9\\u30b3\\u30fc\\u30c9\\u3092\\u3064\\u3065\\u3051\\u7406\\u89e3\\u3057\\u3066\\u3044\\u307e\\u3059\\u3002\\r\\n\\u7406\\u89e3\\u3057\\u306a\\u304c\\u3089\\u3001\\u8ab2\\u984c\\u3092\\u8003\\u3048\\u3066\\u3044\\u307e\\u3059\\u3002\\r\\n"}', NULL, '2013-04-19 19:04:50', 0),
(113, 2, '{"later-time":"","time1":"10:30","time2":"22:00","1":"","2":"\\u3002GW\\u306e\\u30bd\\u30fc\\u30b9\\u30b3\\u30fc\\u30c9\\u3092\\u7d9a\\u3051\\u7406\\u89e3\\u3057\\u307e\\u3057\\u305f\\u3002<br>\\r\\n\\u3002SQLite\\u3092\\u7406\\u89e3\\u308a\\u307e\\u3057\\u305f\\u3002SQLite\\u30c7\\u30fc\\u30bf\\u30d9\\u30fc\\u30b9\\u304b\\u3089\\u30c7\\u30fc\\u30bf\\u3092\\u7372\\u5f97\\u3059\\u308b\\u3053\\u3068\\u304c\\u308f\\u304b\\u308a\\u307e\\u3057\\u305f\\u3002<br>\\r\\n\\u3002Asset Bundle \\u3092\\u4f7f\\u3063\\u3066\\u3001\\u30b5\\u30fc\\u30d0\\u30fc\\u304b\\u3089Asset\\u3092\\u30ed\\u30fc\\u30c9\\u3059\\u308b\\u3053\\u3068\\u3092\\u308f\\u304b\\u308a\\u307e\\u3057\\u305f\\u3002<br>\\r\\n\\u3002XML\\u30d5\\u30a1\\u30a4\\u30eb\\u304b\\u3089\\u30e9\\u30f3\\u30b2\\u30fc\\u30b8\\u3092\\u30ed\\u30fc\\u30c9\\u3059\\u308b\\u3053\\u3068\\u306b\\u3064\\u3044\\u3066\\u3082\\u7406\\u89e3\\u3057\\u307e\\u3057\\u305f\\u3002\\r\\n\\r\\n\\r\\n","3":"GW\\u30bd\\u30fc\\u30b9\\u30b3\\u30fc\\u30c9\\u3092\\u3064\\u3065\\u3051\\u7406\\u89e3\\u3057\\u3066\\u3044\\u307e\\u3059\\u3002\\r\\n\\u7406\\u89e3\\u3057\\u306a\\u304c\\u3089\\u3001\\u8ab2\\u984c\\u3092\\u8003\\u3048\\u3066\\u3044\\u307e\\u3059\\u3002\\r\\n"}', '2013-04-20 02:59:55', '2013-04-20 02:59:52', 1),
(114, 2, '{"later-time":"","time1":"10:15","time2":"21:15","1":"","2":".\\u671d\\u306fGW\\u306e\\u8ab2\\u984c\\u3092\\u66f8\\u3044\\u3066\\u3001\\u6749\\u7530\\u3055\\u3093\\u306b\\u9001\\u308a\\u3055\\u305b\\u3066\\u3044\\u305f\\u3060\\u304d\\u307e\\u3057\\u305f\\u3002<br>\\r\\n.\\u5348\\u524d\\u4e2d\\u306fGW\\u306e\\u30ad\\u30e3\\u30e9\\u30af\\u30bf\\u30fc\\u306b\\u95a2\\u3057\\u3066\\u30bd\\u30fc\\u30b9\\u30b3\\u30fc\\u30c9\\u3092\\u898b\\u3066\\u3001\\u7406\\u89e3\\u3057\\u307e\\u3057\\u305f\\u3002\\u30d7\\u30ed\\u30b0\\u30e9\\u30df\\u30f3\\u30b0\\u306e\\u30ed\\u30b8\\u30c3\\u30af\\u304c\\u5206\\u304b\\u308a\\u307e\\u3057\\u305f\\u3002<br>\\r\\n\\r\\n\\r\\n","3":".\\u6575\\u306b\\u95a2\\u3057\\u3066\\u30bd\\u30fc\\u30b9\\u30b3\\u30fc\\u30c9\\u3092\\u5f15\\u304d\\u7d9a\\u304d\\u7406\\u89e3\\u3057\\u3066\\u3044\\u307e\\u3059\\u3002\\r\\n.GW\\u306e\\u8ab2\\u984c\\u3092\\u767a\\u8868\\u3055\\u305b\\u3066\\u3044\\u305f\\u3060\\u304d\\u307e\\u3059\\u3002\\r\\n\\r\\n"}', '2013-04-22 21:17:51', '2013-04-22 21:17:49', 1),
(115, 1, '{"later-time":"","time1":"11:30","time2":"20:30","1":"SEAGATE\\u306e\\u30c7\\u30b6\\u30a4\\u30f3\\u304b\\u3089HTML\\u3092\\u4f5c\\u308a\\u307e\\u3059\\u3002","2":"","3":"SEAGATE\\u306e\\u30c7\\u30b6\\u30a4\\u30f3\\u304b\\u3089HTML\\u3092\\u4f5c\\u308a\\u307e\\u3059\\u3002","4":""}', '2013-04-22 21:27:30', '2013-04-22 21:27:29', 1),
(116, 1, '{"later-time":"","time1":"11:30","time2":"20:30","1":"SEAGATE\\u306e\\u30c6\\u30b9\\u30c8\\u3092\\u884c\\u3046\\u3002","2":"SEAGATE\\u306e\\u30c6\\u30b9\\u30c8\\u3092\\u884c\\u3046\\u3002","3":"","4":""}', '2013-04-23 20:43:20', '2013-04-23 20:43:00', 1),
(117, 1, '{"later-time":"","time1":"11:30","time2":"20:30","1":"SEAGATE\\u306e\\u30c6\\u30b9\\u30c8\\u3092\\u884c\\u3046\\u3002","2":"SEAGATE\\u306e\\u30c6\\u30b9\\u30c8\\u3092\\u884c\\u3046\\u3002","3":"","4":""}', NULL, '2013-04-23 20:44:30', 0),
(118, 1, '{"later-time":"","time1":"09:00","time2":"20:00","1":"PrizeWinner\\u306e\\u30bd\\u30fc\\u30b9\\u30b3\\u30fc\\u30c9\\u3092\\u30c0\\u30a6\\u30f3\\u30ed\\u30fc\\u30c9\\u3057\\u305f\\u3002\\r\\n\\u30bd\\u30fc\\u30b9\\u30b3\\u30fc\\u30c9\\u3092\\u7406\\u89e3\\u3057\\u3066\\u6539\\u5584\\u3059\\u308b\\u63d0\\u6848\\u3092\\u8003\\u3048\\u305f\\u3002","2":"PrizeWinner\\u306e\\u30d7\\u30ed\\u30b8\\u30a7\\u30af\\u30c8\\u3092\\u4f5c\\u696d\\u3059\\u308b\\u3002","3":"","4":""}', '2013-04-24 20:09:52', '2013-04-24 20:09:51', 1),
(119, 2, '{"later-time":"","time1":"10:15","time2":"01:00","1":"","2":".\\u671d\\u3001\\u30be\\u30f3\\u30d3\\u306e\\u30a2\\u30cb\\u30e1\\u30fc\\u30b7\\u30e7\\u30f3\\u3092\\u7406\\u89e3\\u3057\\u307e\\u3057\\u305f\\u3002<br>\\r\\n.\\u5348\\u524d\\u4e2d\\u306fGreeAdReward \\u3068App Device\\u306e\\u30d7\\u30e9\\u30b0\\u30a4\\u30f3\\u3092\\u958b\\u767a\\u3057\\u307e\\u3057\\u305f\\u3002\\r\\n.\\u30be\\u30f3\\u30d3\\u306e\\u30a2\\u30cb\\u30e1\\u30fc\\u30b7\\u30e7\\u30f3\\u3092\\u958b\\u767a\\u3057\\u307e\\u3057\\u305f\\u3002<br>\\r\\n\\r\\n\\r\\n","3":".GreeAdReward\\u30d7\\u30e9\\u30b0\\u30a4\\u30f3\\u3092\\u5f15\\u304d\\u7d9a\\u304d\\u958b\\u767a\\u3057\\u3066\\u3044\\u307e\\u3059\\u3002\\r\\n.GW\\u306e\\u30be\\u30f3\\u30d3\\u306e\\u30a2\\u30cb\\u30e1\\u30fc\\u30b7\\u30e7\\u30f3\\u3092\\u5b8c\\u4e86\\u3057\\u3066\\u3044\\u307e\\u3059\\u3002\\r\\n\\r\\n"}', '2013-04-25 01:35:55', '2013-04-25 01:35:54', 1),
(120, 2, '{"later-time":"","time1":"10:15","time2":"21:00","1":"","2":"\\r\\n.GreeAdReward \\u3068App Device\\u306e\\u30d7\\u30e9\\u30b0\\u30a4\\u30f3\\u3092\\u958b\\u767a\\u3057\\u307e\\u3057\\u305f\\u3002\\r\\n\\r\\n\\r\\n","3":". \\u671d\\u3001GreeAdReward\\u306ejar \\u30d5\\u30a1\\u30a4\\u30eb\\u3092\\u3082\\u3046\\u4e00\\u5ea6\\u30c1\\u30a7\\u30c3\\u30af\\u3057\\u3066\\u3044\\u307e\\u3059\\u3002\\r\\n.GW\\u306e\\u30be\\u30f3\\u30d3\\u306e\\u30a2\\u30cb\\u30e1\\u30fc\\u30b7\\u30e7\\u30f3\\u3092\\u5b8c\\u4e86\\u3057\\u3066\\u3044\\u307e\\u3059\\u3002\\r\\n\\r\\n"}', '2013-04-26 09:39:51', '2013-04-26 09:39:50', 1),
(121, 2, '{"later-time":"","time1":"10:15","time2":"22:30","1":"","2":"\\r\\n\\u30fbGreeAdReward \\u30d7\\u30e9\\u30b0\\u30a4\\u30f3\\u3092\\u3082\\u3046\\u4e00\\u5ea6\\u30c1\\u30a7\\u30c3\\u30af\\u3057\\u307e\\u3057\\u305f\\u3002<br>\\r\\n\\u30fb\\u6749\\u7530\\u3055\\u3093\\u3068GMO\\u30d7\\u30e9\\u30b0\\u30a4\\u30f3\\u3092\\u958b\\u767a\\u3057\\u307e\\u3057\\u305f\\u3002<br>\\r\\n\\u30fb\\u30be\\u30f3\\u30d3\\u306e\\u30a2\\u30cb\\u30e1\\u30fc\\u30b7\\u30e7\\u30f3\\u3092\\u4fee\\u6b63\\u3057\\u307e\\u3057\\u305f\\u3002\\r\\n\\r\\n\\r\\n\\r\\n","3":"\\u30fbGW\\u306e\\u30be\\u30f3\\u30d3\\u306e\\u30a2\\u30cb\\u30e1\\u30fc\\u30b7\\u30e7\\u30f3\\u3092\\u5b8c\\u4e86\\u3057\\u3066\\u3044\\u307e\\u3059\\u3002<br>\\r\\n\\u30fb\\u65b0\\u3057\\u3044\\u30bf\\u30b9\\u30af\\u3092\\u53d7\\u3051\\u3066\\u3001\\u958b\\u767a\\u3057\\u3066\\u3044\\u307e\\u3059\\u3002\\r\\n\\r\\n\\r\\n"}', '2013-04-27 13:23:58', '2013-04-27 13:23:54', 1),
(122, 1, '{"later-time":"","time1":"10:15","time2":"19:45","1":"PrizeWinner\\u306e\\u6539\\u5584\\u70b9\\u3092\\u5b9f\\u88c5\\u3059\\u308b\\u3002","2":"PrizeWinner\\u306e\\u6539\\u5584\\u70b9\\u3092\\u5b9f\\u88c5\\u3059\\u308b\\u3002","3":"","4":""}', '2013-04-30 19:46:39', '2013-04-30 19:46:34', 1),
(123, 1, '{"later-time":"","time1":"10:15","time2":"19:45","1":"PrizeWinner\\u306e\\u6539\\u5584\\u70b9\\u3092\\u5b9f\\u88c5\\u3059\\u308b\\u3002","2":"PrizeWinner\\u306e\\u6539\\u5584\\u70b9\\u3092\\u5b9f\\u88c5\\u3059\\u308b\\u3002","3":"","4":""}', NULL, '2013-04-30 19:46:39', 0),
(124, 2, '{"later-time":"","time1":"10:15","time2":"22:30","1":"","2":"\\r\\n\\u30fbSony\\u30c7\\u30d0\\u30a4\\u30b9\\u3067\\u30b9\\u30ab\\u30a6\\u30c8\\u753b\\u9762\\u3092\\u4fee\\u6b63\\u3057\\u307e\\u3057\\u305f\\u3002<br>\\r\\n\\u30fb\\u30be\\u30f3\\u30d3\\u306e\\u30a2\\u30cb\\u30e1\\u30fc\\u30b7\\u30e7\\u30f3\\u3092\\u958b\\u767a\\u3057\\u3042\\u3002<br>\\r\\n\\u30fb\\u30be\\u30f3\\u30d3\\u306e\\u30a2\\u30cb\\u30e1\\u30fc\\u30b7\\u30e7\\u30f3\\u3092\\u4fee\\u6b63\\u3057\\u307e\\u3057\\u305f\\u3002\\r\\n\\r\\n\\r\\n\\r\\n","3":"\\u30fbGW\\u306e\\u30be\\u30f3\\u30d3\\u306e\\u30a2\\u30cb\\u30e1\\u30fc\\u30b7\\u30e7\\u30f3\\u3092\\u5b8c\\u4e86\\u3057\\u3066\\u3044\\u307e\\u3059\\u3002<br>\\r\\n\\u30fb\\u65b0\\u3057\\u3044\\u30bf\\u30b9\\u30af\\u3092\\u53d7\\u3051\\u3066\\u3001\\u958b\\u767a\\u3057\\u3066\\u3044\\u307e\\u3059\\u3002\\r\\n\\r\\n\\r\\n"}', NULL, '2013-05-01 23:59:58', 0),
(125, 2, '{"later-time":"","time1":"10:15","time2":"22:30","1":"","2":"\\r\\n\\u30fbSony\\u30c7\\u30d0\\u30a4\\u30b9\\u3067\\u30b9\\u30ab\\u30a6\\u30c8\\u753b\\u9762\\u3092\\u4fee\\u6b63\\u3057\\u307e\\u3057\\u305f\\u3002<br>\\r\\n\\u30fb\\u30b9\\u30c8\\u30e0\\u3067\\u653b\\u6483\\u3059\\u308b\\u30be\\u30f3\\u30d3\\u306e\\u30a2\\u30cb\\u30e1\\u30fc\\u30b7\\u30e7\\u30f3\\u3092\\u958b\\u767a\\u3057\\u307e\\u3057\\u305f\\u3002\\u51fa\\u6765\\u307e\\u3057\\u305f\\u3002<br>\\r\\n\\u30fb\\u6749\\u7530\\u3055\\u3093\\u3068\\u4e00\\u7dd2\\u306bweb view\\u306b\\u304b\\u3093\\u3057\\u3066\\u554f\\u984c\\u3092\\u7406\\u89e3\\u3057\\u3066\\u3044\\u307e\\u3059\\u3002\\r\\n\\r\\n\\r\\n\\r\\n","3":"\\u30fb\\u65b0\\u3057\\u3044\\u30bf\\u30b9\\u30af\\u3092\\u53d7\\u3051\\u3066\\u3001\\u958b\\u767a\\u3057\\u3066\\u3044\\u307e\\u3059\\u3002<br>\\r\\n\\r\\n\\r\\n"}', '2013-05-02 00:02:24', '2013-05-02 00:02:22', 1),
(126, 2, '{"later-time":"","time1":"10:00","time2":"22:15","1":"","2":"\\r\\n\\u30fb \\u30b9\\u30ab\\u30a6\\u30c8\\u3092\\u7814\\u7a76\\u3057\\u3066\\u3001\\u30b9\\u30d4\\u30fc\\u30c9\\u3092\\u6539\\u5584\\u3057\\u3066\\u3044\\u307e\\u3059<br>\\r\\n\\u30fb\\u6697\\u53f7\\u5316\\u30a2\\u30eb\\u30b4\\u30ea\\u30ba\\u30e0\\u3092\\u7814\\u7a76\\u3057\\u307e\\u3057\\u305f\\u3002<br>\\r\\n\\r\\n\\r\\n\\r\\n\\r\\n","3":"\\u30fb\\u30b9\\u30ab\\u30a6\\u30c8\\u306e\\u30b9\\u30d4\\u30fc\\u30c9\\u3092\\u3072\\u304d\\u3064\\u3065\\u304d\\u6539\\u5584\\u3057\\u3066\\u3044\\u307e\\u3059\\u3002<br>\\r\\n\\r\\n\\r\\n"}', '2013-05-07 22:21:23', '2013-05-07 22:21:19', 1),
(127, 2, '{"later-time":"","time1":"10:00","time2":"00:00","1":"","2":"\\r\\n\\u30fb \\u30b9\\u30ab\\u30a6\\u30c8\\u753b\\u9762\\u306e\\u306a\\u304b\\u306b\\u6697\\u53f7\\u5316\\u3092\\u5b9f\\u884c\\u306e\\u65b9\\u3092\\u6539\\u5584\\u3057\\u307e\\u3057\\u305f\\u3002<br>\\r\\n\\u30fb\\u30b9\\u30ab\\u30a6\\u30c8\\u304c\\u9045\\u304f\\u306a\\u308b\\u81ea\\u7531\\u3092\\u78ba\\u5b9a\\u3057\\u3066\\u3044\\u307e\\u3059 \\u3002<br>\\r\\n\\r\\n\\r\\n\\r\\n\\r\\n","3":"\\u30fb\\u30b9\\u30ab\\u30a6\\u30c8\\u306e\\u30b9\\u30d4\\u30fc\\u30c9\\u3092\\u3072\\u304d\\u3064\\u3065\\u304d\\u6539\\u5584\\u3057\\u3066\\u3044\\u307e\\u3059\\u3002<br>\\r\\n\\r\\n\\r\\n"}', '2013-05-09 01:34:02', '2013-05-09 01:34:02', 1),
(128, 2, '{"later-time":"","time1":"10:15","time2":"22:45","1":"","2":"\\r\\n\\u30fb \\u58f2\\u5374\\u306e\\u30d1\\u30d5\\u30a9\\u30fc\\u30de\\u30f3\\u30b9\\u304c\\u9045\\u304f\\u539f\\u56e0\\u3092\\u78ba\\u5b9a\\u3057\\u307e\\u3057\\u305f\\u3002<br>\\r\\n\\u30fbGrand\\u30d7\\u30e9\\u30b0\\u30a4\\u30f3\\u3092\\u5b8c\\u6210\\u3057\\u307e\\u3057\\u305f \\u3002<br>\\r\\n\\r\\n\\r\\n\\r\\n\\r\\n","3":"\\u30fb\\u58f2\\u5374\\u306e\\u30d1\\u30d5\\u30a9\\u30fc\\u30de\\u30f3\\u30b9\\u3092\\u6539\\u5584\\u3057\\u3066\\u3044\\u307e\\u3059\\u3002<br>\\r\\n\\r\\n\\r\\n"}', '2013-05-11 01:26:36', '2013-05-11 01:26:32', 1),
(129, 2, '{"later-time":"","time1":"10:15","time2":"20:15","1":"","2":"\\r\\n\\u30fb\\u30d1\\u30d5\\u30a9\\u30fc\\u30de\\u30f3\\u30b9\\u3092\\u6539\\u5584\\u3059\\u308b\\u63d0\\u6848\\u3092\\u51fa\\u3057\\u307e\\u3057\\u305f\\u3002<br>\\r\\n\\u30fbGrandSDK \\u3092\\u3082\\u3046\\u4e00\\u5ea6\\u78ba\\u8a8d\\u3057\\u307e\\u3057\\u305f \\u3002<br>\\r\\n\\u30fb\\u5f13\\u306e\\u30ad\\u30e3\\u30e9\\u30af\\u30bf\\u30fc\\u3092\\u8aad\\u307f\\u307e\\u3057\\u305f\\u3002\\u6539\\u5584\\u3059\\u308b\\u65b9\\u3092\\u8003\\u3048\\u307e\\u3059\\u3002<br>\\r\\n\\u30fb\\u30cf\\u30c1\\u306e\\u30dc\\u30b9\\u306f\\u8fd4\\u4fe1\\u3059\\u308b\\u3068\\u304d\\u3001\\u30d5\\u30ea\\u30fc\\u30ba\\u3059\\u308b\\u306e\\u3092\\u30c1\\u30a7\\u30c3\\u30af\\u3057\\u3066\\u3044\\u307e\\u3059\\u3002\\r\\n\\r\\n\\r\\n\\r\\n\\r\\n","3":"\\u30fb GrandSDK\\u306b\\u3064\\u3044\\u3066\\u3082\\u3046\\u4e00\\u5ea6\\u76f8\\u8ac7\\u3057\\u3066\\u3001\\u30bd\\u30fc\\u30b9\\u30b3\\u30fc\\u30c9\\u3092\\u30b3\\u30df\\u30c3\\u30c8\\u3057\\u3066\\u3044\\u307e\\u3059\\u3002<br>\\r\\n\\u30fb\\u30cf\\u30c1\\u306e\\u30dc\\u30b9\\u306b\\u95a2\\u3057\\u3066\\u30a8\\u30fc\\u30e9\\u3092\\u4fee\\u6b63\\u3057\\u3066\\u3044\\u307e\\u3059\\u3002\\u63d0\\u6848\\u3092\\u3060\\u3057\\u307e\\u3059\\u3002\\r\\n\\r\\n\\r\\n"}', '2013-05-13 22:45:41', '2013-05-13 22:45:38', 1),
(130, 2, '{"later-time":"","time1":"10:15","time2":"21:30","1":"","2":"\\r\\n\\u30fb\\u30e6\\u30fc\\u30b6\\u304b\\u3089\\u8fd4\\u4e8b\\u3059\\u308b\\u30d0\\u30b0\\u3092\\u30c1\\u30a7\\u30c3\\u30af\\u3057\\u307e\\u3057\\u305f\\u3002<br>\\r\\n\\u30fb\\u539f\\u56e0\\u3092\\u78ba\\u5b9a\\u3057\\u307e\\u3057\\u305f \\u3002<br>\\r\\n\\u30fb\\u89e3\\u6c7a\\u3092\\u8003\\u3048\\u308b\\u3002<br>\\r\\n\\r\\n\\r\\n\\r\\n\\r\\n","3":"\\u30fb \\u30ad\\u30e3\\u30e9\\u30af\\u30bf\\u30fc\\u306e\\u30a2\\u30cb\\u30e1\\u30fc\\u30b7\\u30e7\\u30f3\\u3092\\u958b\\u767a\\u3057\\u3066\\u3044\\u307e\\u3059\\u3002<br>\\r\\n\\u30fb\\u3082\\u3046\\u4e00\\u5ea6\\u30e6\\u30fc\\u30b6\\u306e\\u30d0\\u30b0\\u3092\\u30c1\\u30a7\\u30c3\\u30af\\u3057\\u3066\\u3044\\u307e\\u3059\\u3002\\r\\n\\r\\n\\r\\n"}', '2013-05-16 00:35:05', '2013-05-16 00:35:04', 1),
(131, 1, '{"later-time":"","time1":"10:15","time2":"19:45","1":"score\\/update API \\u3092\\u5b9f\\u88c5\\u3057\\u3066\\u3044\\u308b\\u3002","2":"","3":"\\u4ed6\\u306eAPI\\u3092\\u5b9f\\u88c5\\u3059\\u308b","4":""}', '2013-05-17 19:20:24', '2013-05-17 19:20:18', 1),
(132, 1, '{"later-time":"","time1":"10:15","time2":"19:45","1":"score\\/update API \\u3092\\u5b9f\\u88c5\\u3057\\u3066\\u3044\\u308b\\u3002","2":"","3":"\\u4ed6\\u306eAPI\\u3092\\u5b9f\\u88c5\\u3059\\u308b","4":""}', NULL, '2013-05-17 19:20:24', 0),
(133, 1, '{"later-time":"","time1":"09:00","time2":"19:00","1":"\\u30e9\\u30f3\\u30ad\\u30f3\\u30b0API\\u3092\\u5b9f\\u88c5\\u3059\\u308b\\u3002","2":"","3":"\\u691c\\u8a3c\\u3059\\u308b\\u3002","4":""}', '2013-05-21 19:08:32', '2013-05-21 19:08:31', 1),
(134, 1, '{"later-time":"","time1":"10:30","time2":"27:45","1":"\\u30e9\\u30f3\\u30ad\\u30f3\\u30b0API\\u3092\\u5b9f\\u88c5\\u3059\\u308b\\u3002","2":"","3":"\\u30e9\\u30f3\\u30ad\\u30f3\\u30b0API\\u3092\\u5b9f\\u88c5\\u3059\\u308b\\u3002","4":"\\u6d25\\u7530\\u3055\\u3093\\u3068\\u30e9\\u30f3\\u30c1\\u306b\\u884c\\u304d\\u307e\\u3057\\u305f\\u3002\\r\\n\\r\\n\\u7532\\u5b50\\u5712\\u306b\\u3064\\u3044\\u3066\\u8a71\\u3057\\u307e\\u3057\\u305f\\u3002"}', '2013-05-21 19:09:57', '2013-05-21 19:09:55', 1),
(135, 1, '{"later-time":"","time1":"10:15","time2":"21:15","1":"\\u30e9\\u30f3\\u30ad\\u30f3\\u30b0API\\u3092\\u5b9f\\u88c5\\u3059\\u308b\\u3002","2":"","3":"\\u30e9\\u30f3\\u30ad\\u30f3\\u30b0API\\u3092\\u5b9f\\u88c5\\u3059\\u308b\\u3002","4":"\\u4f50\\u85e4\\u771f\\u3055\\u3093\\u3068\\u30e9\\u30f3\\u30c1\\u306b\\u884c\\u304d\\u307e\\u3057\\u305f\\u3002\\u5f7c\\u306f\\u3068\\u3066\\u3082\\u9762\\u767d\\u3044\\u3067\\u3059\\u3002\\u307f\\u306a\\u662f\\u975e\\u30e9\\u30f3\\u30c1\\u306b\\u884c\\u3063\\u3066\\u5f7c\\u3092\\u8a98\\u3063\\u3066\\u304f\\u3060\\u3055\\u3044\\u3002"}', '2013-05-23 02:04:08', '2013-05-23 02:04:08', 1),
(136, 1, '{"later-time":"","time1":"10:15","time2":"21:15","1":"\\u30e9\\u30f3\\u30ad\\u30f3\\u30b0API\\u3092\\u5b9f\\u88c5\\u3059\\u308b\\u3002","2":"","3":"\\u30e9\\u30f3\\u30ad\\u30f3\\u30b0API\\u3092\\u5b9f\\u88c5\\u3059\\u308b\\u3002","4":"\\u4f50\\u85e4\\u771f\\u3055\\u3093\\u3068\\u30e9\\u30f3\\u30c1\\u306b\\u884c\\u304d\\u307e\\u3057\\u305f\\u3002\\u5f7c\\u306f\\u3068\\u3066\\u3082\\u9762\\u767d\\u3044\\u3067\\u3059\\u3002\\u307f\\u306a\\u662f\\u975e\\u30e9\\u30f3\\u30c1\\u306b\\u884c\\u3063\\u3066\\u5f7c\\u3092\\u8a98\\u3063\\u3066\\u304f\\u3060\\u3055\\u3044\\u3002"}', NULL, '2013-05-23 02:04:11', 0),
(137, 1, '{"later-time":"","time1":"10:30","time2":"22:00","1":"\\u30e9\\u30f3\\u30ad\\u30f3\\u30b0API\\u3092\\u5b9f\\u88c5\\u3059\\u308b\\u3002","2":"","3":"\\u30e9\\u30f3\\u30ad\\u30f3\\u30b0API\\u3092\\u5b9f\\u88c5\\u3059\\u308b\\u3002","4":"\\u677e\\u672c\\u3055\\u3093\\u3068\\u5e84\\u53f8\\u3055\\u3093\\u3068\\u4e00\\u7dd2\\u306b\\u30e9\\u30f3\\u30c1\\u306b\\u884c\\u304d\\u307e\\u3057\\u305f\\u3002\\u5e84\\u53f8\\u3055\\u3093\\u306e\\u732b\\u306e\\u5199\\u771f\\u3092\\u307f\\u305b\\u3066\\u304f\\u308c\\u307e\\u3057\\u305f\\u3002\\u304b\\u308f\\u304f\\u3066\\u304a\\u3044\\u3057\\u3044\\u305d\\u3046\\u3060\\u3068\\u601d\\u3046\\uff3e\\uff3e"}', '2013-05-24 02:19:14', '2013-05-24 02:19:11', 1),
(138, 1, '{"later-time":"","time1":"10:30","time2":"22:00","1":"\\u30e9\\u30f3\\u30ad\\u30f3\\u30b0API\\u3092\\u5b9f\\u88c5\\u3059\\u308b\\u3002\\r\\n\\u672c\\u756a\\u306bDB\\u3092\\u5909\\u66f4\\u3059\\u308b\\u3002","2":"","3":"\\u30e9\\u30f3\\u30ad\\u30f3\\u30b0API\\u3092\\u5b9f\\u88c5\\u3059\\u308b\\u3002\\r\\n\\u30ad\\u30e3\\u30c3\\u30b7\\u30e5\\u3092\\u5165\\u308c\\u308b\\u3002","4":"\\u6a0b\\u53e3\\u3055\\u3093\\u3068\\u30b5\\u30b7\\u30fc\\u3055\\u3093\\u3068\\u6749\\u7530\\u3055\\u3093\\u3068\\u30e9\\u30f3\\u30c1\\u306b\\u884c\\u304d\\u307e\\u3057\\u305f\\u3002\\r\\n\\u30b5\\u30b7\\u30fc\\u3055\\u3093\\u306fAKB48\\u3042\\u307e\\u308a\\u597d\\u304d\\u3058\\u3083\\u3042\\u308a\\u307e\\u305b\\u3093\\u304cAKB\\u306b\\u3064\\u3044\\u3066\\u306a\\u3093\\u3067\\u3082\\u77e5\\u3063\\u3066\\u3044\\u308b\\u3002"}', '2013-05-27 10:32:06', '2013-05-27 10:32:06', 1),
(139, 1, '{"later-time":"","time1":"10:30","time2":"20:30","1":"\\u30e9\\u30f3\\u30ad\\u30f3\\u30b0API\\u3092\\u5b9f\\u88c5\\u3059\\u308b\\u3002\\r\\n\\u30ad\\u30e3\\u30c3\\u30b7\\u30e5\\u3092\\u5165\\u308c\\u308b\\u3002","2":"","3":"\\u30e9\\u30f3\\u30ad\\u30f3\\u30b0API\\u3092\\u5b9f\\u88c5\\u3059\\u308b\\u3002\\r\\n\\u30ad\\u30e3\\u30c3\\u30b7\\u30e5\\u3092\\u5165\\u308c\\u308b\\u3002","4":""}', '2013-05-28 03:18:18', '2013-05-28 03:18:16', 1),
(140, 1, '{"later-time":"","time1":"10:30","time2":"21:30","1":"\\u30ac\\u30c1\\u30e3\\u30c7\\u30fc\\u30d0\\u30b0\\u3092\\u4f5c\\u3063\\u3066\\u3044\\u308b\\u3002\\u4ee5\\u4e0b\\u306e\\u30ea\\u30f3\\u30af\\u304c\\u30a2\\u30af\\u30bb\\u30b9\\u3067\\u304d\\u308b\\u3002<br>\\r\\n<br>\\r\\nhttp:\\/\\/www1289ui.sakura.ne.jp\\/debugtool\\/index<br>\\r\\n\\u307e\\u3060\\u5b8c\\u6210\\u3055\\u308c\\u3066\\u3044\\u306a\\u3044\\u3002\\u4ed6\\u306e\\u6a5f\\u80fd\\u3082\\u8ffd\\u52a0\\u3057\\u305f\\u3044\\u3067\\u3059\\u3002<br>\\r\\n","2":"","3":"\\u4e38\\u91ce\\u3055\\u3093\\u3068\\u76f8\\u8ac7\\u3059\\u308b\\u3002","4":"\\u4eca\\u65e5\\u30ca\\u30ac\\u30bb\\u3055\\u3093\\u304c\\u65e9\\u304f\\u5e30\\u308a\\u307e\\u3059\\u3002\\u7406\\u7531\\u306f\\u6628\\u65e5\\u30b9\\u30b7\\u3092\\u8cb7\\u3063\\u305f\\u3093\\u304b\\u3089\\u4eca\\u65e5\\u60aa\\u304f\\u306a\\u308b\\u304b\\u3082\\u3057\\u308c\\u306a\\u3044\\u3002<br>\\r\\n<br>\\r\\n\\r\\n\\u30b3\\u30a2\\u3055\\u3093\\u3068\\u95a2\\u53e3\\u3055\\u3093\\u306e\\u8a71\\u3092\\u805e\\u3044\\u305f\\u30de\\u30cd\\u30b8\\u30e1\\u30f3\\u30c8\\u306e\\u4e8b\\u3092\\u52c9\\u5f37\\u306b\\u306a\\u308a\\u307e\\u3057\\u305f\\u3002<br>\\r\\n\\r\\n<br>\\r\\n\\r\\n\\u4f50\\u85e4\\u3055\\u3093\\u3068\\u30e9\\u30f3\\u30c1\\u306b\\u884c\\u304d\\u307e\\u3057\\u305f\\u3002\\u526f\\u696d\\u306b\\u3064\\u3044\\u3066\\u5f7c\\u306f\\u3069\\u308d\\u307c\\u306b\\u306a\\u308a\\u305f\\u3044\\u3002\\u3067\\u3082\\u666e\\u901a\\u306a\\u3069\\u308d\\r\\n\\u307c\\u3067\\u306f\\u306a\\u3044\\u3002<br>\\r\\n\\r\\n\\uff1d\\uff1d\\uff1d<br>\\r\\n\\r\\n\\u4eca\\u6708\\u3082\\u9811\\u5f35\\u308a\\u307e\\u3057\\u3087\\u3046\\u3002"}', '2013-06-03 22:15:14', '2013-06-03 21:45:06', 1),
(141, 1, '{"later-time":"","time1":"10:30","time2":"21:30","1":"\\u30ac\\u30c1\\u30e3\\u30c7\\u30fc\\u30d0\\u30b0\\u3092\\u4f5c\\u3063\\u3066\\u3044\\u308b\\u3002\\u4ee5\\u4e0b\\u306e\\u30ea\\u30f3\\u30af\\u304c\\u30a2\\u30af\\u30bb\\u30b9\\u3067\\u304d\\u308b\\u3002<br>\\r\\n<br>\\r\\n<a href=\\"http:\\/\\/www1289ui.sakura.ne.jp\\/debugtool\\/index\\">http:\\/\\/www1289ui.sakura.ne.jp\\/debugtool\\/index<\\/a><br>\\r\\n\\u307e\\u3060\\u5b8c\\u6210\\u3055\\u308c\\u3066\\u3044\\u306a\\u3044\\u3002\\u4ed6\\u306e\\u6a5f\\u80fd\\u3082\\u8ffd\\u52a0\\u3057\\u305f\\u3044\\u3067\\u3059\\u3002<br>\\r\\n","2":"","3":"\\u4e38\\u91ce\\u3055\\u3093\\u3068\\u76f8\\u8ac7\\u3059\\u308b\\u3002","4":"\\u4eca\\u65e5\\u30ca\\u30ac\\u30bb\\u3055\\u3093\\u304c\\u65e9\\u304f\\u5e30\\u308a\\u307e\\u3059\\u3002\\u7406\\u7531\\u306f\\u6628\\u65e5\\u30b9\\u30b7\\u3092\\u8cb7\\u3063\\u305f\\u3093\\u304b\\u3089\\u4eca\\u65e5\\u60aa\\u304f\\u306a\\u308b\\u304b\\u3082\\u3057\\u308c\\u306a\\u3044\\u3002<br>\\r\\n<br>\\r\\n\\r\\n\\u30b3\\u30a2\\u3055\\u3093\\u3068\\u95a2\\u53e3\\u3055\\u3093\\u306e\\u8a71\\u3092\\u805e\\u3044\\u305f\\u30de\\u30cd\\u30b8\\u30e1\\u30f3\\u30c8\\u306e\\u4e8b\\u3092\\u52c9\\u5f37\\u306b\\u306a\\u308a\\u307e\\u3057\\u305f\\u3002<br>\\r\\n\\r\\n<br>\\r\\n\\r\\n\\u4f50\\u85e4\\u3055\\u3093\\u3068\\u30e9\\u30f3\\u30c1\\u306b\\u884c\\u304d\\u307e\\u3057\\u305f\\u3002\\u526f\\u696d\\u306b\\u3064\\u3044\\u3066\\u5f7c\\u306f\\u3069\\u308d\\u307c\\u306b\\u306a\\u308a\\u305f\\u3044\\u3002\\u3067\\u3082\\u666e\\u901a\\u306a\\u3069\\u308d\\r\\n\\u307c\\u3067\\u306f\\u306a\\u3044\\u3002<br>\\r\\n\\r\\n\\uff1d\\uff1d\\uff1d<br>\\r\\n\\r\\n\\u4eca\\u6708\\u3082\\u9811\\u5f35\\u308a\\u307e\\u3057\\u3087\\u3046\\u3002"}', '2013-06-03 22:16:26', '2013-06-03 22:16:25', 1),
(142, 1, '{"later-time":"","time1":"10:30","time2":"21:30","1":"\\u30ac\\u30c1\\u30e3\\u30c7\\u30fc\\u30d0\\u30b0\\u3092\\u4f5c\\u3063\\u3066\\u3044\\u308b\\u3002\\u4ee5\\u4e0b\\u306e\\u30ea\\u30f3\\u30af\\u304c\\u30a2\\u30af\\u30bb\\u30b9\\u3067\\u304d\\u308b\\u3002<br>\\r\\n<br>\\r\\n<a href=\\"http:\\/\\/www1289ui.sakura.ne.jp\\/debugtool\\/index\\">http:\\/\\/www1289ui.sakura.ne.jp\\/debugtool\\/index<\\/a><br>\\r\\n\\u307e\\u3060\\u5b8c\\u6210\\u3055\\u308c\\u3066\\u3044\\u306a\\u3044\\u3002\\u4ed6\\u306e\\u6a5f\\u80fd\\u3082\\u8ffd\\u52a0\\u3057\\u305f\\u3044\\u3067\\u3059\\u3002<br>\\r\\n","2":"","3":"\\u4e38\\u91ce\\u3055\\u3093\\u3068\\u76f8\\u8ac7\\u3059\\u308b\\u3002","4":"\\u4eca\\u65e5\\u30ca\\u30ac\\u30bb\\u3055\\u3093\\u304c\\u65e9\\u304f\\u5e30\\u308a\\u307e\\u3059\\u3002\\u7406\\u7531\\u306f\\u6628\\u65e5\\u30b9\\u30b7\\u3092\\u8cb7\\u3063\\u305f\\u3093\\u304b\\u3089\\u4eca\\u65e5\\u60aa\\u304f\\u306a\\u308b\\u304b\\u3082\\u3057\\u308c\\u306a\\u3044\\u3002<br>\\r\\n<br>\\r\\n\\r\\n\\u30b3\\u30a2\\u3055\\u3093\\u3068\\u95a2\\u53e3\\u3055\\u3093\\u306e\\u8a71\\u3092\\u805e\\u3044\\u305f\\u30de\\u30cd\\u30b8\\u30e1\\u30f3\\u30c8\\u306e\\u4e8b\\u3092\\u52c9\\u5f37\\u306b\\u306a\\u308a\\u307e\\u3057\\u305f\\u3002<br>\\r\\n\\r\\n<br>\\r\\n\\r\\n\\u4f50\\u85e4\\u3055\\u3093\\u3068\\u30e9\\u30f3\\u30c1\\u306b\\u884c\\u304d\\u307e\\u3057\\u305f\\u3002\\u526f\\u696d\\u306b\\u3064\\u3044\\u3066\\u5f7c\\u306f\\u3069\\u308d\\u307c\\u306b\\u306a\\u308a\\u305f\\u3044\\u3002\\u3067\\u3082\\u666e\\u901a\\u306a\\u3069\\u308d\\r\\n\\u307c\\u3067\\u306f\\u306a\\u3044\\u3002<br>\\r\\n\\r\\n\\uff1d\\uff1d\\uff1d<br>\\r\\n\\r\\n\\u4eca\\u6708\\u3082\\u9811\\u5f35\\u308a\\u307e\\u3057\\u3087\\u3046\\u3002"}', NULL, '2013-06-03 22:17:42', 0),
(143, 1, '{"later-time":"","time1":"10:30","time2":"21:30","1":"\\u30ac\\u30c1\\u30e3\\u30c7\\u30fc\\u30d0\\u30b0\\u3092\\u4f5c\\u3063\\u3066\\u3044\\u308b\\u3002\\u4ee5\\u4e0b\\u306e\\u30ea\\u30f3\\u30af\\u304c\\u30a2\\u30af\\u30bb\\u30b9\\u3067\\u304d\\u308b\\u3002<br>\\r\\n<br>\\r\\n<a href=\\"http:\\/\\/www1289ui.sakura.ne.jp\\/debugtool\\/index\\">http:\\/\\/www1289ui.sakura.ne.jp\\/debugtool\\/index<\\/a><br>\\r\\n\\u307e\\u3060\\u5b8c\\u6210\\u3055\\u308c\\u3066\\u3044\\u306a\\u3044\\u3002\\u4ed6\\u306e\\u6a5f\\u80fd\\u3082\\u8ffd\\u52a0\\u3057\\u305f\\u3044\\u3067\\u3059\\u3002<br>\\r\\n","2":"","3":"\\u4e38\\u91ce\\u3055\\u3093\\u3068\\u76f8\\u8ac7\\u3059\\u308b\\u3002","4":"\\u4eca\\u65e5\\u30ca\\u30ac\\u30bb\\u3055\\u3093\\u304c\\u65e9\\u304f\\u5e30\\u308a\\u307e\\u3059\\u3002\\u7406\\u7531\\u306f\\u6628\\u65e5\\u30b9\\u30b7\\u3092\\u8cb7\\u3063\\u305f\\u3093\\u304b\\u3089\\u4eca\\u65e5\\u60aa\\u304f\\u306a\\u308b\\u304b\\u3082\\u3057\\u308c\\u306a\\u3044\\u3002<br>\\r\\n<br>\\r\\n\\r\\n\\u30b3\\u30a2\\u3055\\u3093\\u3068\\u95a2\\u53e3\\u3055\\u3093\\u306e\\u8a71\\u3092\\u805e\\u3044\\u305f\\u30de\\u30cd\\u30b8\\u30e1\\u30f3\\u30c8\\u306e\\u4e8b\\u3092\\u52c9\\u5f37\\u306b\\u306a\\u308a\\u307e\\u3057\\u305f\\u3002<br>\\r\\n\\r\\n<br>\\r\\n\\r\\n\\u4f50\\u85e4\\u3055\\u3093\\u3068\\u30e9\\u30f3\\u30c1\\u306b\\u884c\\u304d\\u307e\\u3057\\u305f\\u3002\\u526f\\u696d\\u306b\\u3064\\u3044\\u3066\\u5f7c\\u306f\\u3069\\u308d\\u307c\\u306b\\u306a\\u308a\\u305f\\u3044\\u3002\\u3067\\u3082\\u666e\\u901a\\u306a\\u3069\\u308d\\r\\n\\u307c\\u3067\\u306f\\u306a\\u3044\\u3002<br>\\r\\n\\r\\n\\uff1d\\uff1d\\uff1d<br>\\r\\n\\r\\n\\u4eca\\u6708\\u3082\\u9811\\u5f35\\u308a\\u307e\\u3057\\u3087\\u3046\\u3002"}', NULL, '2013-06-04 11:50:35', 0),
(144, 1, '{"later-time":"","time1":"10:30","time2":"21:30","1":"\\u62bd\\u9078\\u30b9\\u30ed\\u30c3\\u30c8\\u3068\\u8a00\\u3046\\u6628\\u65e5\\u3092\\u4f5c\\u6210\\u3059\\u308b\\u3002<br>\\r\\n APK \\u30d5\\u30a1\\u30a4\\u30eb\\u3092\\u691c\\u8a3c\\u3059\\u308b\\u3002 <br>","2":"","3":"\\u62bd\\u9078\\u30b9\\u30ed\\u30c3\\u30c8\\u3068\\u8a00\\u3046\\u6628\\u65e5\\u3092\\u4f5c\\u6210\\u3059\\u308b\\u3002<br>\\r\\n APK \\u30d5\\u30a1\\u30a4\\u30eb\\u3092\\u691c\\u8a3c\\u3059\\u308b\\u3002 <br>","4":"\\u30ca\\u30ac\\u30bb\\u3055\\u3093\\u3068\\u30e9\\u30f3\\u30c1\\u306b\\u884c\\u304d\\u307e\\u3057\\u305f\\u3002\\u8272\\u3005\\u306a\\u4e8b\\u3092\\u6559\\u3048\\u3066\\u304f\\u308c\\u307e\\u3057\\u305f\\u3002\\u3042\\u308a\\u304c\\u3068\\u3046\\u3054\\u3056\\u3044\\u307e\\u3057\\u305f\\u3002^^"}', '2013-06-05 00:56:23', '2013-06-05 00:56:20', 1),
(145, 1, '{"later-time":"","time1":"10:30","time2":"20:00","1":"\\u62bd\\u9078\\u30b9\\u30ed\\u30c3\\u30c8\\u3068\\u8a00\\u3046\\u6628\\u65e5\\u3092\\u4f5c\\u6210\\u3059\\u308b\\u3002<br>\\r\\n APK \\u30d5\\u30a1\\u30a4\\u30eb\\u3092\\u691c\\u8a3c\\u3059\\u308b\\u3002 <br>","2":"","3":"\\u62bd\\u9078\\u30b9\\u30ed\\u30c3\\u30c8\\u3068\\u8a00\\u3046\\u6628\\u65e5\\u3092\\u4f5c\\u6210\\u3059\\u308b\\u3002<br>\\r\\n APK \\u30d5\\u30a1\\u30a4\\u30eb\\u3092\\u691c\\u8a3c\\u3059\\u308b\\u3002 <br>","4":"\\u30ca\\u30ac\\u30bb\\u3055\\u3093\\u3068\\u30e9\\u30f3\\u30c1\\u306b\\u884c\\u304d\\u307e\\u3057\\u305f\\u3002\\u8272\\u3005\\u306a\\u4e8b\\u3092\\u6559\\u3048\\u3066\\u304f\\u308c\\u307e\\u3057\\u305f\\u3002\\u3042\\u308a\\u304c\\u3068\\u3046\\u3054\\u3056\\u3044\\u307e\\u3057\\u305f\\u3002^^"}', NULL, '2013-06-05 20:03:11', 0),
(146, 1, '{"later-time":"","time1":"10:30","time2":"20:00","1":"\\u62bd\\u9078\\u30b9\\u30ed\\u30c3\\u30c8\\u3068\\u8a00\\u3046\\u6a5f\\u80fd\\u3092\\u4f5c\\u6210\\u3059\\u308b\\u3002<br>\\r\\n APK \\u30d5\\u30a1\\u30a4\\u30eb\\u3092\\u691c\\u8a3c\\u3059\\u308b\\u3002 <br>","2":"","3":"\\u62bd\\u9078\\u30b9\\u30ed\\u30c3\\u30c8\\u3068\\u8a00\\u3046\\u6a5f\\u80fd\\u3092\\u4f5c\\u6210\\u3059\\u308b\\u3002<br>\\r\\n APK \\u30d5\\u30a1\\u30a4\\u30eb\\u3092\\u691c\\u8a3c\\u3059\\u308b\\u3002 <br>","4":""}', '2013-06-06 10:34:02', '2013-06-06 10:34:01', 1);

-- --------------------------------------------------------

--
-- Table structure for table `settings`
--

CREATE TABLE IF NOT EXISTS `settings` (
  `id` int(11) NOT NULL AUTO_INCREMENT,
  `user_id` int(11) NOT NULL,
  `name` varchar(255) NOT NULL,
  `time` int(11) NOT NULL DEFAULT '24',
  `from_name` varchar(255) NOT NULL,
  `from_mail` varchar(255) NOT NULL,
  `to_email` varchar(45) DEFAULT 'nippou@oneofthem.jp',
  PRIMARY KEY (`id`),
  KEY `user_id` (`user_id`)
) ENGINE=MyISAM  DEFAULT CHARSET=utf8 AUTO_INCREMENT=7 ;

--
-- Dumping data for table `settings`
--

INSERT INTO `settings` (`id`, `user_id`, `name`, `time`, `from_name`, `from_mail`, `to_email`) VALUES
(2, 1, 'タイン・トゥー', 24, 'Dang Thanh Tu', 'tu@oneofthem.jp', 'nippou@oneofthem.jp'),
(3, 2, 'ロン', 24, 'Nguyen Thanh Long', 'long@oneofthem.jp', 'nippou@oneofthem.jp'),
(4, 3, 'quan', 24, 'クアン', 'quan@oneofthem.jp', 'nippou@oneofthem.jp'),
(5, 4, 'グエン・フィ・タン', 24, 'グエン・フィ・タン', 'thang_nh@oneofthem.jp', 'nippou@oneofthem.jp'),
(6, 5, 'phamvanhung', 24, 'phamvanhung', 'phamvanhung@oneofthem.jp', 'nippou@oneofthem.jp');

-- --------------------------------------------------------

--
-- Table structure for table `users`
--

CREATE TABLE IF NOT EXISTS `users` (
  `id` int(11) NOT NULL AUTO_INCREMENT,
  `username` varchar(25) NOT NULL,
  `password` varchar(255) NOT NULL,
  PRIMARY KEY (`id`),
  UNIQUE KEY `username` (`username`)
) ENGINE=MyISAM  DEFAULT CHARSET=utf8 AUTO_INCREMENT=6 ;

--
-- Dumping data for table `users`
--

INSERT INTO `users` (`id`, `username`, `password`) VALUES
(1, 'luckymancvp', 'bba19fea927b71d74e753f2487e107fd'),
(2, 'long', 'bb34bdb533b492a62429dd0541d70c6f'),
(3, 'quan', 'c4ca4238a0b923820dcc509a6f75849b'),
(4, 'thang', 'c4ca4238a0b923820dcc509a6f75849b'),
(5, 's', '03c7c0ace395d80182db07ae2c30f034');

/*!40101 SET CHARACTER_SET_CLIENT=@OLD_CHARACTER_SET_CLIENT */;
/*!40101 SET CHARACTER_SET_RESULTS=@OLD_CHARACTER_SET_RESULTS */;
/*!40101 SET COLLATION_CONNECTION=@OLD_COLLATION_CONNECTION */;
